id,name,description,owner,value_or_rule,range,rationale,status
A_TEMPLATE,Normalized three-mode inputs,"Illustrative customer orders, delivered prices/costs, capacity, fixed cost and capex; no country calibration.",Strategy with Country/Finance review,"Illustrative customer orders, delivered prices/costs, capacity, fixed cost and capex; no country calibration.",See 630 chosen structural sensitivities and 75 volume-margin grid cases; actual calibration missing,"A transparent decision scaffold while internal evidence is unavailable; author choice, not reported fact",Planning assumption; approval/calibration required
A_SCENARIO,"Six worlds, no probability","Driver multipliers are judgemental stresses, not estimated likelihoods.",Strategy with Country/Finance review,"Driver multipliers are judgemental stresses, not estimated likelihoods.",Rule in description; replace with observed/signed company inputs before commitment,"A transparent decision scaffold while internal evidence is unavailable; author choice, not reported fact",Planning assumption; approval/calibration required
A_TAX,25% simplified tax,"Unlimited loss carryforward, no refunds, interest or jurisdiction differences. Replace with legal tax schedule.",Local tax counsel and Finance,"Unlimited loss carryforward, no refunds, interest or jurisdiction differences. Replace with legal tax schedule.",Rule in description; replace with observed/signed company inputs before commitment,"A transparent decision scaffold while internal evidence is unavailable; author choice, not reported fact",Planning assumption; approval/calibration required
A_RATE,Real USD hurdle,10% managed convention; 9–14% scenario hurdle. Not Olam WACC or financing quote.,Treasury and Investment Committee,10% managed convention; 9–14% scenario hurdle. Not Olam WACC or financing quote.,See 630 chosen structural sensitivities and 75 volume-margin grid cases; actual calibration missing,"A transparent decision scaffold while internal evidence is unavailable; author choice, not reported fact",Planning assumption; approval/calibration required
A_NWC,Cash conventions,80% credit revenue/purchases; AR + inventory − AP; 365 days; 90% final recovery.,"Treasury, Credit and Operations",80% credit revenue/purchases; AR + inventory − AP; 365 days; 90% final recovery.,See 630 chosen structural sensitivities and 75 volume-margin grid cases; actual calibration missing,"A transparent decision scaffold while internal evidence is unavailable; author choice, not reported fact",Planning assumption; approval/calibration required
A_OUTER,Beyond 2035,Order growth halves after year 10; bounded by capacity. Not an OECD forecast.,Strategy with Country/Finance review,Order growth halves after year 10; bounded by capacity. Not an OECD forecast.,Rule in description; replace with observed/signed company inputs before commitment,"A transparent decision scaffold while internal evidence is unavailable; author choice, not reported fact",Planning assumption; approval/calibration required
A_CAPEX,Asset cycle,60/40 original capex; 10-year straight-line depreciation; 2% maintenance; 70% replacement in years 11/21.,Engineering and Finance,60/40 original capex; 10-year straight-line depreciation; 2% maintenance; 70% replacement in years 11/21.,Rule in description; replace with observed/signed company inputs before commitment,"A transparent decision scaffold while internal evidence is unavailable; author choice, not reported fact",Planning assumption; approval/calibration required
A_PILOT,Causal pilot,Randomised route clusters where feasible; power from measured baseline variance; no declared Olam effect.,Country Marketing and independent measurement lead,Randomised route clusters where feasible; power from measured baseline variance; no declared Olam effect.,Rule in description; replace with observed/signed company inputs before commitment,"A transparent decision scaffold while internal evidence is unavailable; author choice, not reported fact",Planning assumption; approval/calibration required
A_STRESS,Dependence model,Chosen normal latent factors with joint cost/volume/stock/rate shocks; seed 20261008; no country probability.,Risk and Finance,Chosen normal latent factors with joint cost/volume/stock/rate shocks; seed 20261008; no country probability.,Rule in description; replace with observed/signed company inputs before commitment,"A transparent decision scaffold while internal evidence is unavailable; author choice, not reported fact",Planning assumption; approval/calibration required
A_EXAMPLE,Teaching arithmetic,Examples deliberately chosen; not Olam data unless expressly reported.,Strategy with Country/Finance review,Examples deliberately chosen; not Olam data unless expressly reported.,Rule in description; replace with observed/signed company inputs before commitment,"A transparent decision scaffold while internal evidence is unavailable; author choice, not reported fact",Planning assumption; approval/calibration required
A_PRIOR,Illustrative policy weights/payoffs,Decision examples are teaching cases. No proprietary novelty or calibrated probability.,Strategy with Country/Finance review,Decision examples are teaching cases. No proprietary novelty or calibrated probability.,Rule in description; replace with observed/signed company inputs before commitment,"A transparent decision scaffold while internal evidence is unavailable; author choice, not reported fact",Planning assumption; approval/calibration required
A_LEGACY,Inherited Nigeria inputs,Preserved as normalized assumptions; additive growth and sales-day proxy are not production economics.,Strategy with Country/Finance review,Preserved as normalized assumptions; additive growth and sales-day proxy are not production economics.,Rule in description; replace with observed/signed company inputs before commitment,"A transparent decision scaffold while internal evidence is unavailable; author choice, not reported fact",Planning assumption; approval/calibration required
