mode,scenario,NPV,IRR_roots,IRR_interpretation,annual_payback_year,annual_discounted_payback_year,peak_annual_funding,NPV_per_peak_funding,closeout_PV,NPV_without_closeout,post2036_PV,post2036_PV_share_of_gross_positive_PV,franchise_terminal_PV,year3_ROIC,year3_capital_turns,definition
trade,managed,0.35768624230170054,[0.112467775104],Unique positive-discount-factor root,10,24,2.9413770000000037,0.12160503135154048,0.2889778043333594,0.06870843796834114,1.4447570413376705,0.46379043841650924,0.0,0.09890536114462992,11.607475835245895,"Unlevered real USD. ROIC uses end-period net PPE+NWC and normalized 25% tax, not cash-tax-loss benefit; annual payback does not interpolate intra-year cash. No franchise terminal value."
trade,integration,7.869359046008329,[0.398648655658],Unique positive-discount-factor root,4,5,1.5686896712328786,5.016517409605669,0.2721287884880997,7.597230257520229,4.44243377214161,0.474717122946473,0.0,0.3442793112035172,16.849982244601243,"Unlevered real USD. ROIC uses end-period net PPE+NWC and normalized 25% tax, not cash-tax-loss benefit; annual payback does not interpolate intra-year cash. No franchise terminal value."
trade,fragmented,-10.136255746401934,[-0.137122735378],Unique positive-discount-factor root,,,22.84820444735882,-0.4436346746526795,0.30778885964547525,-10.44404460604741,-1.357049557711676,-5.029678443636748,0.0,-0.11268830174517792,6.142890326298819,"Unlevered real USD. ROIC uses end-period net PPE+NWC and normalized 25% tax, not cash-tax-loss benefit; annual payback does not interpolate intra-year cash. No franchise terminal value."
trade,physical,-25.560849591724317,[-0.407815456078],Unique positive-discount-factor root,,,70.94921425008118,-0.360269664180179,0.3950660581764834,-25.9559156499008,-5.701673320677543,-24.20903803355725,0.0,-0.3398336763725446,4.566853437567628,"Unlevered real USD. ROIC uses end-period net PPE+NWC and normalized 25% tax, not cash-tax-loss benefit; annual payback does not interpolate intra-year cash. No franchise terminal value."
trade,squeeze,-13.357503120599379,[-0.26206427547],Unique positive-discount-factor root,,,36.99873139726028,-0.361025976193024,0.1871607140109395,-13.544663834610319,-2.0780270925079423,-14.812252634633637,0.0,-0.21217025321111577,5.194752508762496,"Unlevered real USD. ROIC uses end-period net PPE+NWC and normalized 25% tax, not cash-tax-loss benefit; annual payback does not interpolate intra-year cash. No franchise terminal value."
trade,nutrition,-0.5433706314193101,[0.085068996968],Unique positive-discount-factor root,14,,4.071070447090416,-0.13347119350579054,0.38010252986579984,-0.9234731612851099,1.4871821355393458,0.46691407586975897,0.0,0.07747498383717258,9.10479830947019,"Unlevered real USD. ROIC uses end-period net PPE+NWC and normalized 25% tax, not cash-tax-loss benefit; annual payback does not interpolate intra-year cash. No franchise terminal value."
partner,managed,10.817370364399231,[0.202782898515],Unique positive-discount-factor root,6,8,9.795726027397262,1.1042949072018322,0.5461900166094749,10.271180347789755,7.656500458595857,0.3597139997569077,0.0,0.18684299617632655,3.5436200263392856,"Unlevered real USD. ROIC uses end-period net PPE+NWC and normalized 25% tax, not cash-tax-loss benefit; annual payback does not interpolate intra-year cash. No franchise terminal value."
partner,integration,20.592951494337385,[0.28381986333],Unique positive-discount-factor root,5,6,9.137024657534244,2.2537918267908763,0.5673576072904493,20.025593887046934,10.872703318727908,0.3589456804409997,0.0,0.28141906951457,4.1600015866092654,"Unlevered real USD. ROIC uses end-period net PPE+NWC and normalized 25% tax, not cash-tax-loss benefit; annual payback does not interpolate intra-year cash. No franchise terminal value."
partner,fragmented,-3.5847305871200685,[0.081941712212],Unique positive-discount-factor root,14,,12.709059419178088,-0.282061045501973,0.4494049369812504,-4.034135524101319,2.33429376460478,0.24285239955555596,0.0,0.07618297771996084,2.724409992215729,"Unlevered real USD. ROIC uses end-period net PPE+NWC and normalized 25% tax, not cash-tax-loss benefit; annual payback does not interpolate intra-year cash. No franchise terminal value."
partner,physical,-17.395001416781703,[-0.064638823077],Unique positive-discount-factor root,,,27.95674091083143,-0.6222113468899468,0.5242200839947374,-17.91922150077644,-1.3684721673797406,-1.6548760885448808,0.0,-0.04197620336778026,2.3111021543650403,"Unlevered real USD. ROIC uses end-period net PPE+NWC and normalized 25% tax, not cash-tax-loss benefit; annual payback does not interpolate intra-year cash. No franchise terminal value."
partner,squeeze,-9.82494869860839,[0.008176610503],Unique positive-discount-factor root,25,,14.232439232876722,-0.690320790262916,0.2590067989859538,-10.083955497594344,0.0926388162039345,0.021198723367474335,0.0,0.019050908794359715,2.3877609632949452,"Unlevered real USD. ROIC uses end-period net PPE+NWC and normalized 25% tax, not cash-tax-loss benefit; annual payback does not interpolate intra-year cash. No franchise terminal value."
partner,nutrition,10.071104437961292,[0.190933666382],Unique positive-discount-factor root,6,9,10.38084,0.970162765051893,0.650708938187864,9.420395499773429,7.600764481928649,0.3604270113439216,0.0,0.1766085280851699,3.3379053572206137,"Unlevered real USD. ROIC uses end-period net PPE+NWC and normalized 25% tax, not cash-tax-loss benefit; annual payback does not interpolate intra-year cash. No franchise terminal value."
plant,managed,-1.7999419404754313,[0.090371889793],Unique positive-discount-factor root,9,,22.564383561643837,-0.07976916079086115,0.672379863023832,-2.4723218034992636,5.276493468443403,0.21308732420512114,0.0,0.07197432986492461,1.9184774763487973,"Unlevered real USD. ROIC uses end-period net PPE+NWC and normalized 25% tax, not cash-tax-loss benefit; annual payback does not interpolate intra-year cash. No franchise terminal value."
plant,integration,13.879461780773948,[0.152055716186],Unique positive-discount-factor root,7,10,21.728734246575343,0.638760713038841,0.8427033117648247,13.036758469009124,12.643872320313855,0.3203996042616289,0.0,0.12610379281593204,2.2104014142733877,"Unlevered real USD. ROIC uses end-period net PPE+NWC and normalized 25% tax, not cash-tax-loss benefit; annual payback does not interpolate intra-year cash. No franchise terminal value."
plant,fragmented,-17.20394764958582,[0.005075146236],Unique positive-discount-factor root,25,,25.97873621917809,-0.6622318924384581,0.4936911446260897,-17.69763879421191,-0.18186413992318232,-0.015591403392874466,0.0,0.013489837678553468,1.60001820570778,"Unlevered real USD. ROIC uses end-period net PPE+NWC and normalized 25% tax, not cash-tax-loss benefit; annual payback does not interpolate intra-year cash. No franchise terminal value."
plant,physical,-33.292163663292115,[-0.132978687709],Unique positive-discount-factor root,,,57.89763621465281,-0.5750176663493299,0.5658043535666495,-33.85796801685876,-4.432559852928076,-4.695620982377556,0.0,-0.06774215327848386,1.410225651346896,"Unlevered real USD. ROIC uses end-period net PPE+NWC and normalized 25% tax, not cash-tax-loss benefit; annual payback does not interpolate intra-year cash. No franchise terminal value."
plant,squeeze,-24.952075111496065,[-0.082797875888],Unique positive-discount-factor root,,,38.204532602739775,-0.6531181881206072,0.28173377148264445,-25.23380888297871,-2.306100762344556,-0.5200988865507326,0.0,-0.031974430639479315,1.397031366691561,"Unlevered real USD. ROIC uses end-period net PPE+NWC and normalized 25% tax, not cash-tax-loss benefit; annual payback does not interpolate intra-year cash. No franchise terminal value."
plant,nutrition,-2.8782641183332043,[0.084776665854],Unique positive-discount-factor root,10,,23.1676301369863,-0.12423644979285808,0.7439729232248751,-3.6222370415580794,4.952434257898219,0.20395701689625284,0.0,0.07232986493926076,1.8875238808679464,"Unlevered real USD. ROIC uses end-period net PPE+NWC and normalized 25% tax, not cash-tax-loss benefit; annual payback does not interpolate intra-year cash. No franchise terminal value."
