original_id,original_title,treatment,replacement,source
cover,Building Nigeria’s Next Category Growth Engine,Retain substance; reconcile sources and replace with global/cash decision context,Executive deck +indexed technical package,Baselinecommit13f7393
executive-thesis,The growth question is not “how much can Olam sell?” — it is “which customer systems improve Olam economics as they scale?”,Retain substance; reconcile sources and replace with global/cash decision context,Executive deck +indexed technical package,Baselinecommit13f7393
customer-profit,Semolina and edible oils should not share one marketing playbook — but they can share one decision system,Retain substance; reconcile sources and replace with global/cash decision context,Executive deck +indexed technical package,Baselinecommit13f7393
affordability,Disinflation changes the playbook — but high food inflation keeps affordability central,Retain substance; reconcile sources and replace with global/cash decision context,Executive deck +indexed technical package,Baselinecommit13f7393
wheat-baker-demand,"Wheat demand is the macro river; semolina growth is won at the meal, pack and trade node",Retain substance; reconcile sources and replace with global/cash decision context,Executive deck +indexed technical package,Baselinecommit13f7393
baker-profit,"For semolina, “premium” should be translated into measurable meal economics before it becomes a media claim",Retain substance; reconcile sources and replace with global/cash decision context,Executive deck +indexed technical package,Baselinecommit13f7393
west-africa,Nigeria’s 2026 crude-versus-refined policy creates a conditional local-refining wedge — not a guaranteed moat,Retain substance; reconcile sources and replace with global/cash decision context,Executive deck +indexed technical package,Baselinecommit13f7393
southern-africa,"When money costs ~23% at the policy-rate anchor, excess inventory becomes a hidden marketing tax",Retain substance; reconcile sources and replace with global/cash decision context,Executive deck +indexed technical package,Baselinecommit13f7393
africa-runway,Nigeria is not one affordability market: a national average can hide the exact places where pack architecture should change,Retain substance; reconcile sources and replace with global/cash decision context,Executive deck +indexed technical package,Baselinecommit13f7393
value-ladder,"In a food-stressed household, the winning pack is the one that optimizes two prices at once: cash today and cost per use",Retain substance; reconcile sources and replace with global/cash decision context,Executive deck +indexed technical package,Baselinecommit13f7393
customer-data-loop,The most valuable cross-category asset may be a faster warning system for household and trade stress,Retain substance; reconcile sources and replace with global/cash decision context,Executive deck +indexed technical package,Baselinecommit13f7393
portfolio-flywheel,The portfolio moat is information density before it is assortment breadth,Retain substance; reconcile sources and replace with global/cash decision context,Executive deck +indexed technical package,Baselinecommit13f7393
availability,"In staples, availability is a marketing outcome because the promise is broken when the product is absent",Retain substance; reconcile sources and replace with global/cash decision context,Executive deck +indexed technical package,Baselinecommit13f7393
marketing-os,"A campaign should earn credit only for incremental contribution that survives sell-in, working capital and cannibalization",Retain substance; reconcile sources and replace with global/cash decision context,Executive deck +indexed technical package,Baselinecommit13f7393
scorecard,"Marketing should own the explanation of demand — S&OP should receive a causal forecast, not a single number",Retain substance; reconcile sources and replace with global/cash decision context,Executive deck +indexed technical package,Baselinecommit13f7393
sustainability,NPD should pass a commercial stage-gate before it earns a launch budget,Retain substance; reconcile sources and replace with global/cash decision context,Executive deck +indexed technical package,Baselinecommit13f7393
nigeria-platform,Nigeria provides a high-density first-wave laboratory for proving repeatability,Archive legacy; recompute screen; rebuild full cash and explicitly chosen uncertainty,Executive deck +indexed technical package,Baselinecommit13f7393
processing-economics,Nigeria-relevant processing economics improved while Olam Agri-wide return quality weakened,Archive legacy; recompute screen; rebuild full cash and explicitly chosen uncertainty,Executive deck +indexed technical package,Baselinecommit13f7393
local-supply,Local supply is both an operating hedge and a marketing asset,Retain substance; reconcile sources and replace with global/cash decision context,Executive deck +indexed technical package,Baselinecommit13f7393
salic,"SALIC ownership raises the strategic ceiling — but makes capital discipline more important, not less",Correct to dated post-CFG81.81%/18.19%; preserve website conflict,Executive deck +indexed technical package,Baselinecommit13f7393
policy-constitution,"Eight policy gates should govern every Nigeria growth decision before market size, volume or narrative can influence capital",Retain substance; reconcile sources and replace with global/cash decision context,Executive deck +indexed technical package,Baselinecommit13f7393
capital-gates,Replace a single funding ask with evidence gates that make scale reversible,Retain substance; reconcile sources and replace with global/cash decision context,Executive deck +indexed technical package,Baselinecommit13f7393
normalized-economics,A normalized NGN100bn decision unit exposes the economics without pretending public data reveal Olam Nigeria’s internal P&L,Archive legacy; recompute screen; rebuild full cash and explicitly chosen uncertainty,Executive deck +indexed technical package,Baselinecommit13f7393
capital-boundary,"In the screening model, the NGN4.2bn scenario envelope stays locked until roughly a 2% run-rate uplift clears the zero-NPV boundary",Retain substance; reconcile sources and replace with global/cash decision context,Executive deck +indexed technical package,Baselinecommit13f7393
scenario-cube,The strategy changes sign when macro resilience and execution quality move together — which is exactly why single-variable business cases are dangerous,Retain substance; reconcile sources and replace with global/cash decision context,Executive deck +indexed technical package,Baselinecommit13f7393
sensitivity,"Executive attention should be allocated by NPV swing, not by which assumption is easiest to debate",Archive legacy; recompute screen; rebuild full cash and explicitly chosen uncertainty,Executive deck +indexed technical package,Baselinecommit13f7393
uncertainty,"A 5,000-run seeded stress simulation shows why a point forecast should never become capital policy",Archive legacy; recompute screen; rebuild full cash and explicitly chosen uncertainty,Executive deck +indexed technical package,Baselinecommit13f7393
risk,The strategy should be falsifiable before it becomes expensive,Retain substance; reconcile sources and replace with global/cash decision context,Executive deck +indexed technical package,Baselinecommit13f7393
model-audit,The uploaded financial model is useful as a hypothesis — not yet as an externally verified business case,Retain substance; reconcile sources and replace with global/cash decision context,Executive deck +indexed technical package,Baselinecommit13f7393
assumptions-1,No modeled number is allowed to hide: commercial and customer assumptions each have a replacement-data requirement,Retain substance; reconcile sources and replace with global/cash decision context,Executive deck +indexed technical package,Baselinecommit13f7393
assumptions-2,"Risk, cash and capital assumptions are separated from operating assumptions so the investment case cannot blur them together",Retain substance; reconcile sources and replace with global/cash decision context,Executive deck +indexed technical package,Baselinecommit13f7393
next-90-days,The fastest proof is a dual-category control tower in two or three Nigerian markets — not another national campaign,Retain substance; reconcile sources and replace with global/cash decision context,Executive deck +indexed technical package,Baselinecommit13f7393
candidate-1,I would not try to replace category expertise — I would build the intelligence layer that helps it move faster,Retain substance; reconcile sources and replace with global/cash decision context,Executive deck +indexed technical package,Baselinecommit13f7393
candidate-2,My value should be measured by how fast uncertainty becomes evidence — and how well the next naira is allocated,Retain substance; reconcile sources and replace with global/cash decision context,Executive deck +indexed technical package,Baselinecommit13f7393
review-reverification,The core source and model flags survive re-checking — with one material wording correction on the September policy rate,Replace review-count assertion with versioned evidence and actual validation,Executive deck +indexed technical package,Baselinecommit13f7393
review-corrective-actions,"The audit becomes operational only when every flagged weakness is converted into a release rule, data owner or measurement rule",Replace review-count assertion with versioned evidence and actual validation,Executive deck +indexed technical package,Baselinecommit13f7393
review-signal-boundaries,"Macro scale, programme reach and public datasets can define context — but they cannot substitute for Olam transaction-level economics",Replace review-count assertion with versioned evidence and actual validation,Executive deck +indexed technical package,Baselinecommit13f7393
figure-evidence-1,"Corporate performance and Nigeria operating figures are mapped one-by-one to source, definition and evidence class",Retain substance; reconcile sources and replace with global/cash decision context,Executive deck +indexed technical package,Baselinecommit13f7393
figure-evidence-2,"Macro, policy, ownership and market-context numbers remain dated, scoped and explicitly caveated",Retain substance; reconcile sources and replace with global/cash decision context,Executive deck +indexed technical package,Baselinecommit13f7393
figure-evidence-3,"Programme, market-context, model-assumption, scenario and portfolio numbers are separated from externally reported operating facts",Retain substance; reconcile sources and replace with global/cash decision context,Executive deck +indexed technical package,Baselinecommit13f7393
sources-1,"Primary evidence: company scale, Nigeria footprint and operating economics",Replace with exact global source/claim/calculation registers,Executive deck +indexed technical package,Baselinecommit13f7393
sources-2,"Market, category and policy evidence is cross-checked before it supports a commercial decision",Replace with exact global source/claim/calculation registers,Executive deck +indexed technical package,Baselinecommit13f7393
sources-3,"Capital, affordability, regional prices and edible-oil policy assumptions remain explicitly replaceable",Replace with exact global source/claim/calculation registers,Executive deck +indexed technical package,Baselinecommit13f7393
iterations,Three new web-verification iterations took the deck to 66 total reviews — and tightened the boundary between external context and Olam operating proof,Replace review-count assertion with versioned evidence and actual validation,Executive deck +indexed technical package,Baselinecommit13f7393
