mode,capital_control_reversibility,release_evidence,capex_time_funding_estimate,status
Existing-operation repair,Lowest initial irreversibility; diagnose bottleneck before new assets,"Measured eligible volumes, service cost, actual headroom",,Qualitative mode screen; actual timing/quotes unverified
Contracted trade,"Limited physical commitment, but spread/inventory/credit may be large","Bankable lot, reset clauses, collateral and actual funding",,Qualitative mode screen; actual timing/quotes unverified
Distribution/technical service,Local route learning; marketing can fail when supply/credit binds,"Paid repeat, usable output, route cash and causal test",,Qualitative mode screen; actual timing/quotes unverified
Toll/contract processing,Avoid full ownership; quality/availability/control dependence,"Partner contract, yield, transfer price and outage remedies",,Qualitative mode screen; actual timing/quotes unverified
Joint venture / partnership,"Shared capital/control, governance and exit dependence","Partner diligence, minority rights, funding and consolidation",,Qualitative mode screen; actual timing/quotes unverified
Brownfield expansion,Uses existing capability; may enlarge common basin/route risk,"Verified demand, bottleneck, capex quote and site permissions",,Qualitative mode screen; actual timing/quotes unverified
Greenfield owned asset,Largest long-lived commitment and replacement exposure,Full asset/customer/rights/tax/FX model and downside liquidity,,Qualitative mode screen; actual timing/quotes unverified
Acquisition,Rapid footprint with integration/liability and price risk,"Due diligence, purchase price, liabilities and integration cash",,Qualitative mode screen; actual timing/quotes unverified
Licensing/franchise,Low owned assets but weaker implementation/brand control,"IP, partner enforcement, quality and net fee cash",,Qualitative mode screen; actual timing/quotes unverified
Wait / abandon / exit,Preserve cash or stop unsupported commitments,"Cost of delay, existing obligations, exit charges and learning value",,Qualitative mode screen; actual timing/quotes unverified
