id,hypothesis,status,test,competing_explanation,result,uncertainty,business_implication,falsifier
H-01,Customer cash constraints may matter more than national category size for a particular pack or route.,Designed field test,Compare matched cash tickets/cost per use and net paid contribution by cohort,Income/product mix or distributor liquidity rather than pack cash constraint,No observed result; cash-ticket arithmetic only,Chosen example or unexecuted internal field test; no calibrated Olam causal or 25-year outcome,Cost the evidence/response and retain reversible action until gates pass,"No effect after controlling usable cost, income, credit and availability"
H-02,A reliably delivered staple may outperform a heavily advertised but intermittently available alternative.,Designed field test,"Randomize reliable availability/service versus advertising, cap verified deliveries",Seasonality or stock loading,Chosen capacity counterexample supports possibility; no empirical superiority,Chosen example or unexecuted internal field test; no calibrated Olam causal or 25-year outcome,Cost the evidence/response and retain reversible action until gates pass,Reliable service fails incremental paid contribution versus controls
H-03,Technical service that improves customer output economics may create durable commercial value beyond awareness.,Designed field test,Baker/feed usable-output trial and paid repeat after service ends,"Selection of skilled customers, formulation or price",Teaching yield economics only,Chosen example or unexecuted internal field test; no calibrated Olam causal or 25-year outcome,Cost the evidence/response and retain reversible action until gates pass,Measured output advantage disappears or service consumes contribution
H-04,Working-capital improvement may change the expansion ranking more than revenue growth.,Executed template sensitivity,Same-input DSO/DIO sensitivity versus order-factor changes,Cost/price variation or capex,Cash inclusion changes normalized value; actual expansion ranking untested,Chosen example or unexecuted internal field test; no calibrated Olam causal or 25-year outcome,Cost the evidence/response and retain reversible action until gates pass,Actual cash improvements are immaterial or unachievable
H-05,"Local processing can hedge some policy or freight exposure while creating new raw-input, financing, or water exposure.",Scenario/design,"Matched processing/trade cases with raw-input, rights, water and funding gates",A tariff spread mistaken for durable hedge,All fixed modes fail some worlds; actual hedge effect untested,Chosen example or unexecuted internal field test; no calibrated Olam causal or 25-year outcome,Cost the evidence/response and retain reversible action until gates pass,Local processing has higher joint exposure or negative funded spread
H-06,"A small, transferable pilot may change many later allocation decisions more than a large market launch.",Executed learning example,"Bayesian EVSI with imperfect symmetric test, plus transfer protocol",Test too inaccurate or learning not transferable,"Net EVSI0.7 USDm at chosen p=.5,q=.8; negative below q≈.7222",Chosen example or unexecuted internal field test; no calibrated Olam causal or 25-year outcome,Cost the evidence/response and retain reversible action until gates pass,Quoted cost/delay exceeds decision improvement or no transferable update
H-07,A sourcing portfolio diversified by country may still be concentrated by climate regime or shipping corridor.,Executed chosen dependence stress,Compare same marginal shocks independent versus common factor,Higher marginal volatility rather than dependence,Generator comparison published; no fitted country covariance,Chosen example or unexecuted internal field test; no calibrated Olam causal or 25-year outcome,Cost the evidence/response and retain reversible action until gates pass,Actual origins/ports/basins independent or measured tail gain absent
H-08,Health-related product opportunities may require price and distribution innovation more than premium positioning.,Designed field test,Affordable-use formulation/pack × distribution trial,Premium signaling or temporary subsidy,No observed health-product willingness to pay,Chosen example or unexecuted internal field test; no calibrated Olam causal or 25-year outcome,Cost the evidence/response and retain reversible action until gates pass,No paid repeat/contribution without subsidy
H-09,Trade disruption may create temporary spreads that do not justify permanent assets.,Scenario/design,Temporary trade reset versus permanent capex DCF,Persistent structural barrier rather than short-lived spread,No observed duration; stage reversible lot instead of plant,Chosen example or unexecuted internal field test; no calibrated Olam causal or 25-year outcome,Cost the evidence/response and retain reversible action until gates pass,Bankable durable volume/spread makes full financed asset positive
H-10,"A low-NPV project in isolation may be useful as backup network capacity, but only if the avoided-loss mechanism is measurable and consolidated.",Executed network teaching model,"Avoided-loss constrained flow, no duplicate baseline synergy",Unfunded idle capacity or overstated disruption loss,LP proves feasible allocation mechanism only; actual backup NPV untested,Chosen example or unexecuted internal field test; no calibrated Olam causal or 25-year outcome,Cost the evidence/response and retain reversible action until gates pass,Measured avoided losses below cost/cash opportunity cost
H-11,Better information can be valuable while a resulting decision is to stop spending.,Executed information example,Study update may optimally choose wait after negative signal,Uninformative study or decision already fixed,Chosen posterior negative signal selects wait; study can have value,Chosen example or unexecuted internal field test; no calibrated Olam causal or 25-year outcome,Cost the evidence/response and retain reversible action until gates pass,No decision switching or net EVSI≤0
H-12,A 25-year strategy may be most effective when it defines adaptive rules rather than a fixed country entry timetable.,Adaptive design,Trigger rules with rolling evidence and same-world counterfactual,Fixed policy simpler and cheaper,Chosen minimax/learning examples change choice; no Olam policy superiority,Chosen example or unexecuted internal field test; no calibrated Olam causal or 25-year outcome,Cost the evidence/response and retain reversible action until gates pass,Empirical benchmarks achieve equal outcomes at less complexity
