prior_good,symmetric_test_accuracy,gross_EVSI,net_EVSI_after_study_and_delay
0.2,0.5,0.0,-1.5
0.2,0.6,0.0,-1.5
0.2,0.7,0.0,-1.5
0.2,0.8,0.32000000000000056,-1.1799999999999995
0.2,0.9,1.1600000000000006,-0.3399999999999994
0.2,1.0,2.0,0.5
0.35,0.5,0.0,-1.5
0.35,0.6,0.02000000000000055,-1.4799999999999995
0.35,0.7,0.8899999999999995,-0.6100000000000005
0.35,0.8,1.7600000000000002,0.26000000000000023
0.35,0.9,2.6300000000000003,1.1300000000000003
0.35,1.0,3.5,2.0
0.5,0.5,0.0,-1.5
0.5,0.6,0.3999999999999999,-1.1
0.5,0.7,1.2999999999999998,-0.20000000000000018
0.5,0.8,2.2,0.7000000000000002
0.5,0.9,3.0999999999999996,1.5999999999999996
0.5,1.0,4.0,2.5
0.65,0.5,0.0,-1.5
0.65,0.6,0.0,-1.5
0.65,0.7,0.009999999999999343,-1.4900000000000007
0.65,0.8,0.9400000000000013,-0.5599999999999987
0.65,0.9,1.870000000000001,0.370000000000001
0.65,1.0,2.8,1.2999999999999998
0.8,0.5,0.0,-1.5
0.8,0.6,1.7763568394002505e-15,-1.4999999999999982
0.8,0.7,0.0,-1.5
0.8,0.8,2.6645352591003757e-15,-1.4999999999999973
0.8,0.9,0.6399999999999997,-0.8600000000000003
0.8,1.0,1.5999999999999996,0.09999999999999964
