id,question,data_needed,method,status,limitation,decision
MODEL-1,Demand elasticity / AIDS,Household price/expenditure/category shares,"Deaton–Muellbauer demand system; adding-up, homogeneity and symmetry",Not estimated,"No harmonized household/category prices and expenditure panel. GDP and food production cannot substitute. Acquire surveys, test restrictions and hold out regions.","Product mix, affordability, pack and price choices"
MODEL-2,Trade gravity / PPML,"Bilateral HS quantities/values, tariffs and structural access",Santos Silva–Tenreyro PPML; origin/destination-time and pair effects as identified,Not estimated,Single Nigeria HS1001 preview has missing net weight; broad WDI imports do not identify attainable capture. Acquire bilateral product flows and access controls.,Origin/corridor entry and trade counterfactual
MODEL-3,Supply benchmark / OLS,Annual food-production index log growth,"Lagged growth pooled OLS, country CR1 clustering",Executed and rejected for investment use,"Training 2002–2018; retrospective 2019–2022 holdout. Tiny gain, target mismatch, instability; no causal or 2051 forecast.",Retain benchmark and prioritize actual product/operating evidence
MODEL-4,FX/commodity volatility,"Aligned procurement currency, commodity, basis and hedge series",Engle ARCH/GARCH; Granger cointegration/error correction where suitable,Not estimated,"No matching exposure series or hedge basis. Tests must establish stationarity, breaks and forecast value.","Hedge, collateral, pass-through and liquidity design"
MODEL-5,Crop/climate impact,"Geocoded crops, calendars, hazards, water and adaptation",Crop-process model or identified yield/weather response; IPCC informs mechanisms,Not estimated,Country water stress and global climate assessment cannot price actual assets. Obtain basin/asset hazards and adaptation costs.,"Origin, backup, adaptation or no-go decisions"
MODEL-6,Marketing / causal lift,Randomized or credible matched route/customer data,Randomized cluster ITT; modern DID for nonrandom timing with pre-trends/overlap,Designed; no observed Olam effect,"Sample/power need baseline variance and ICC. Record noncompliance, spillover, cannibalisation, attrition and sustained paid repeat.","Spend, service, price/pack and scaling decisions"
MODEL-7,Customer repeat,"Linked customer orders, promotion and actual collections","Cohort/survival or hierarchical model, validated by customer/time holdout",Not estimated,No linked customer panel; repeated shipments may be loading rather than paid adoption.,Retention/credit limits and service
MODEL-8,DCF / cash,"Chosen normalized physical volume, price, cost, capex and credit inputs",FCFF identity; finite discounted sum; investment order root,Executed provisional template,"18 matched mode/world cases, actual taxes/FX/monthly cash absent; 195 country cases remain threshold-only.",Wait/partner/asset and economic thresholds
MODEL-9,Robust/adaptive allocation,"Feasible actions, state payoffs, budgets and learning",Minimax regret; CVaR; Bayesian EVSI; constrained network LP,Executed teaching cases only,"Chosen payoffs, priors and dependencies. No empirically optimal all-country allocation or mathematical novelty.","Capped experiments, staged commitments and network constraints"
