month,orders_delivered_t,production_t,opening_stock_t,closing_stock_t,revenue_USDm,collections_USDm,procurement_USDm,payments_USDm,AR_USDm,inventory_USDm,AP_USDm,operating_cash_USDm,cumulative_cash_USDm
1,6000.0,8333.333333333334,8000,10333.333333333334,2.4,0.48,2.8333333333333335,0.5666666666666668,1.92,3.5133333333333336,2.2666666666666666,-0.2533333333333334,-22.973333333333333
2,6000.0,8333.333333333334,10333.333333333334,12666.666666666668,2.4,2.4,2.8333333333333335,2.833333333333334,1.92,4.306666666666667,2.266666666666666,-0.6000000000000006,-23.573333333333334
3,7000.000000000001,8333.333333333334,12666.666666666668,14000.0,2.8000000000000003,2.48,2.8333333333333335,2.833333333333334,2.24,4.76,2.2666666666666657,-0.5200000000000006,-24.093333333333334
4,7000.000000000001,8333.333333333334,14000.0,15333.333333333334,2.8000000000000003,2.8000000000000003,2.8333333333333335,2.833333333333334,2.24,5.213333333333334,2.2666666666666653,-0.20000000000000032,-24.293333333333333
5,8000.0,8333.333333333334,15333.333333333334,15666.666666666668,3.2,2.8800000000000003,2.8333333333333335,2.833333333333334,2.56,5.326666666666667,2.266666666666665,-0.12000000000000025,-24.413333333333334
6,8000.0,8333.333333333334,15666.666666666668,16000.000000000002,3.2,3.2000000000000006,2.8333333333333335,2.833333333333334,2.5599999999999996,5.440000000000001,2.2666666666666644,0.20000000000000004,-24.213333333333335
7,9000.0,8333.333333333334,16000.000000000002,15333.333333333336,3.6,3.2800000000000007,2.8333333333333335,2.833333333333334,2.879999999999999,5.213333333333334,2.266666666666664,0.28000000000000014,-23.933333333333334
8,9000.0,8333.333333333334,15333.333333333336,14666.66666666667,3.6,3.6000000000000005,2.8333333333333335,2.833333333333334,2.8799999999999986,4.986666666666668,2.2666666666666635,0.6,-23.333333333333332
9,10000.0,8333.333333333334,14666.66666666667,13000.000000000004,4.0,3.6800000000000006,2.8333333333333335,2.833333333333334,3.199999999999998,4.420000000000001,2.266666666666663,0.68,-22.653333333333332
10,11000.0,8333.333333333334,13000.000000000004,10333.333333333338,4.4,4.08,2.8333333333333335,2.833333333333334,3.5199999999999982,3.513333333333335,2.2666666666666626,1.0799999999999994,-21.573333333333334
11,10000.0,8333.333333333334,10333.333333333338,8666.666666666672,4.0,4.32,2.8333333333333335,2.833333333333334,3.199999999999998,2.9466666666666685,2.266666666666662,1.3199999999999996,-20.253333333333334
12,9000.0,8333.333333333334,8666.666666666672,8000.0000000000055,3.6,3.9200000000000004,2.8333333333333335,2.833333333333334,2.8799999999999977,2.720000000000002,2.2666666666666617,0.9199999999999998,-19.333333333333336
