country_id,year,variant,population_persons,source_id
BDI,2026,Medium,14729157.0,UN_WPP
BDI,2030,Medium,16182016.0,UN_WPP
BDI,2035,Medium,18085841.0,UN_WPP
BDI,2040,Medium,20131318.0,UN_WPP
BDI,2045,Medium,22197887.0,UN_WPP
BDI,2050,Medium,24131720.0,UN_WPP
BDI,2051,Medium,24498523.0,UN_WPP
COM,2026,Medium,899010.0,UN_WPP
COM,2030,Medium,964264.0,UN_WPP
COM,2035,Medium,1047763.0,UN_WPP
COM,2040,Medium,1133778.0,UN_WPP
COM,2045,Medium,1221072.0,UN_WPP
COM,2050,Medium,1307558.0,UN_WPP
COM,2051,Medium,1324686.0,UN_WPP
DJI,2026,Medium,1199459.0,UN_WPP
DJI,2030,Medium,1262678.0,UN_WPP
DJI,2035,Medium,1335498.0,UN_WPP
DJI,2040,Medium,1406635.0,UN_WPP
DJI,2045,Medium,1474041.0,UN_WPP
DJI,2050,Medium,1530540.0,UN_WPP
DJI,2051,Medium,1540678.0,UN_WPP
ERI,2026,Medium,3682669.0,UN_WPP
ERI,2030,Medium,4002672.0,UN_WPP
ERI,2035,Medium,4420922.0,UN_WPP
ERI,2040,Medium,4868676.0,UN_WPP
ERI,2045,Medium,5292768.0,UN_WPP
ERI,2050,Medium,5696062.0,UN_WPP
ERI,2051,Medium,5775739.0,UN_WPP
ETH,2026,Medium,138902185.0,UN_WPP
ETH,2030,Medium,152855357.0,UN_WPP
ETH,2035,Medium,170532954.0,UN_WPP
ETH,2040,Medium,188450902.0,UN_WPP
ETH,2045,Medium,206673639.0,UN_WPP
ETH,2050,Medium,225021875.0,UN_WPP
ETH,2051,Medium,228687201.0,UN_WPP
KEN,2026,Medium,58636412.0,UN_WPP
KEN,2030,Medium,63102245.0,UN_WPP
KEN,2035,Medium,68715909.0,UN_WPP
KEN,2040,Medium,74108863.0,UN_WPP
KEN,2045,Medium,79088836.0,UN_WPP
KEN,2050,Medium,83593239.0,UN_WPP
KEN,2051,Medium,84451673.0,UN_WPP
MDG,2026,Medium,33522052.000000004,UN_WPP
MDG,2030,Medium,36693183.0,UN_WPP
MDG,2035,Medium,40733844.0,UN_WPP
MDG,2040,Medium,44846895.0,UN_WPP
MDG,2045,Medium,49011274.0,UN_WPP
MDG,2050,Medium,53185475.0,UN_WPP
MDG,2051,Medium,54016765.0,UN_WPP
MWI,2026,Medium,22785535.0,UN_WPP
MWI,2030,Medium,25160287.0,UN_WPP
MWI,2035,Medium,28213795.0,UN_WPP
MWI,2040,Medium,31302098.0,UN_WPP
MWI,2045,Medium,34350954.0,UN_WPP
MWI,2050,Medium,37361683.0,UN_WPP
MWI,2051,Medium,37964325.0,UN_WPP
MUS,2026,Medium,1265059.0,UN_WPP
MUS,2030,Medium,1250432.0,UN_WPP
MUS,2035,Medium,1226955.0,UN_WPP
MUS,2040,Medium,1195223.0,UN_WPP
MUS,2045,Medium,1154659.0,UN_WPP
MUS,2050,Medium,1107197.0,UN_WPP
MUS,2051,Medium,1097238.0,UN_WPP
MOZ,2026,Medium,36639851.0,UN_WPP
MOZ,2030,Medium,40846755.0,UN_WPP
MOZ,2035,Medium,46411774.0,UN_WPP
MOZ,2040,Medium,52124215.0,UN_WPP
MOZ,2045,Medium,57851793.0,UN_WPP
MOZ,2050,Medium,63530952.0,UN_WPP
MOZ,2051,Medium,64647084.0,UN_WPP
RWA,2026,Medium,14889693.0,UN_WPP
RWA,2030,Medium,16154705.0,UN_WPP
RWA,2035,Medium,17746319.0,UN_WPP
RWA,2040,Medium,19440770.0,UN_WPP
RWA,2045,Medium,21152658.0,UN_WPP
RWA,2050,Medium,22707910.0,UN_WPP
RWA,2051,Medium,23007765.0,UN_WPP
SYC,2026,Medium,134959.0,UN_WPP
SYC,2030,Medium,140399.0,UN_WPP
SYC,2035,Medium,141891.0,UN_WPP
SYC,2040,Medium,142544.0,UN_WPP
SYC,2045,Medium,142524.0,UN_WPP
SYC,2050,Medium,141746.0,UN_WPP
SYC,2051,Medium,141518.0,UN_WPP
SOM,2026,Medium,20305907.0,UN_WPP
SOM,2030,Medium,22915044.0,UN_WPP
SOM,2035,Medium,26294950.0,UN_WPP
SOM,2040,Medium,29896287.0,UN_WPP
SOM,2045,Medium,33510166.0,UN_WPP
SOM,2050,Medium,37206512.0,UN_WPP
SOM,2051,Medium,37953802.0,UN_WPP
SSD,2026,Medium,12436037.0,UN_WPP
SSD,2030,Medium,13457453.0,UN_WPP
SSD,2035,Medium,14798600.0,UN_WPP
SSD,2040,Medium,16101480.0,UN_WPP
SSD,2045,Medium,17286410.0,UN_WPP
SSD,2050,Medium,18341974.0,UN_WPP
SSD,2051,Medium,18542997.0,UN_WPP
UGA,2026,Medium,52761469.0,UN_WPP
UGA,2030,Medium,58312940.0,UN_WPP
UGA,2035,Medium,65205574.0,UN_WPP
UGA,2040,Medium,72020418.0,UN_WPP
UGA,2045,Medium,78797992.0,UN_WPP
UGA,2050,Medium,85431202.0,UN_WPP
UGA,2051,Medium,86718842.0,UN_WPP
TZA,2026,Medium,72563780.0,UN_WPP
TZA,2030,Medium,80913124.0,UN_WPP
TZA,2035,Medium,92091429.0,UN_WPP
TZA,2040,Medium,103999359.0,UN_WPP
TZA,2045,Medium,116525473.0,UN_WPP
TZA,2050,Medium,129621102.0,UN_WPP
TZA,2051,Medium,132280447.0,UN_WPP
ZMB,2026,Medium,22521915.0,UN_WPP
ZMB,2030,Medium,25024901.0,UN_WPP
ZMB,2035,Medium,28266892.0,UN_WPP
ZMB,2040,Medium,31550402.0,UN_WPP
ZMB,2045,Medium,34821106.0,UN_WPP
ZMB,2050,Medium,38083385.0,UN_WPP
ZMB,2051,Medium,38728892.0,UN_WPP
ZWE,2026,Medium,17273580.0,UN_WPP
ZWE,2030,Medium,18610349.0,UN_WPP
ZWE,2035,Medium,20409146.0,UN_WPP
ZWE,2040,Medium,22250109.0,UN_WPP
ZWE,2045,Medium,24102380.0,UN_WPP
ZWE,2050,Medium,25866385.0,UN_WPP
ZWE,2051,Medium,26217392.0,UN_WPP
AGO,2026,Medium,40215179.0,UN_WPP
AGO,2030,Medium,45160458.0,UN_WPP
AGO,2035,Medium,51821718.0,UN_WPP
AGO,2040,Medium,58965321.0,UN_WPP
AGO,2045,Medium,66464329.0,UN_WPP
AGO,2050,Medium,74295394.0,UN_WPP
AGO,2051,Medium,75892826.0,UN_WPP
CMR,2026,Medium,30640817.0,UN_WPP
CMR,2030,Medium,33777190.0,UN_WPP
CMR,2035,Medium,37893818.0,UN_WPP
CMR,2040,Medium,42208003.0,UN_WPP
CMR,2045,Medium,46629039.0,UN_WPP
CMR,2050,Medium,51096317.0,UN_WPP
CMR,2051,Medium,51989016.0,UN_WPP
CAF,2026,Medium,5698984.0,UN_WPP
CAF,2030,Medium,6478245.0,UN_WPP
CAF,2035,Medium,7502587.0,UN_WPP
CAF,2040,Medium,8526455.0,UN_WPP
CAF,2045,Medium,9550893.0,UN_WPP
CAF,2050,Medium,10616753.0,UN_WPP
CAF,2051,Medium,10834361.0,UN_WPP
TCD,2026,Medium,21560380.0,UN_WPP
TCD,2030,Medium,24207479.0,UN_WPP
TCD,2035,Medium,27697279.0,UN_WPP
TCD,2040,Medium,31307342.0,UN_WPP
TCD,2045,Medium,35026393.0,UN_WPP
TCD,2050,Medium,38857686.0,UN_WPP
TCD,2051,Medium,39636033.0,UN_WPP
COG,2026,Medium,6637785.0,UN_WPP
COG,2030,Medium,7282266.0,UN_WPP
COG,2035,Medium,8160733.0,UN_WPP
COG,2040,Medium,9083971.0,UN_WPP
COG,2045,Medium,10041901.0,UN_WPP
COG,2050,Medium,11006471.0,UN_WPP
COG,2051,Medium,11200449.0,UN_WPP
COD,2026,Medium,116452162.0,UN_WPP
COD,2030,Medium,131532201.0,UN_WPP
COD,2035,Medium,151560103.0,UN_WPP
COD,2040,Medium,172595582.0,UN_WPP
COD,2045,Medium,194865379.0,UN_WPP
COD,2050,Medium,218246072.0,UN_WPP
COD,2051,Medium,223027957.0,UN_WPP
GNQ,2026,Medium,1984468.0,UN_WPP
GNQ,2030,Medium,2170445.0,UN_WPP
GNQ,2035,Medium,2414269.0,UN_WPP
GNQ,2040,Medium,2665586.0,UN_WPP
GNQ,2045,Medium,2911235.0,UN_WPP
GNQ,2050,Medium,3143728.0,UN_WPP
GNQ,2051,Medium,3190137.0,UN_WPP
GAB,2026,Medium,2647399.0,UN_WPP
GAB,2030,Medium,2866667.0,UN_WPP
GAB,2035,Medium,3151468.0,UN_WPP
GAB,2040,Medium,3452988.0,UN_WPP
GAB,2045,Medium,3767429.0,UN_WPP
GAB,2050,Medium,4084533.0,UN_WPP
GAB,2051,Medium,4147627.000000001,UN_WPP
STP,2026,Medium,244994.0,UN_WPP
STP,2030,Medium,264565.0,UN_WPP
STP,2035,Medium,290088.0,UN_WPP
STP,2040,Medium,315842.0,UN_WPP
STP,2045,Medium,340926.0,UN_WPP
STP,2050,Medium,365115.0,UN_WPP
STP,2051,Medium,369875.0,UN_WPP
DZA,2026,Medium,48028334.0,UN_WPP
DZA,2030,Medium,50154166.0,UN_WPP
DZA,2035,Medium,52516789.0,UN_WPP
DZA,2040,Medium,54873476.0,UN_WPP
DZA,2045,Medium,57290156.0,UN_WPP
DZA,2050,Medium,59565554.0,UN_WPP
DZA,2051,Medium,59975606.0,UN_WPP
EGY,2026,Medium,120101175.0,UN_WPP
EGY,2030,Medium,127139322.0,UN_WPP
EGY,2035,Medium,136097217.0,UN_WPP
EGY,2040,Medium,145213654.0,UN_WPP
EGY,2045,Medium,153919189.0,UN_WPP
EGY,2050,Medium,161630192.0,UN_WPP
EGY,2051,Medium,163063539.0,UN_WPP
LBY,2026,Medium,7539851.0,UN_WPP
LBY,2030,Medium,7885806.0,UN_WPP
LBY,2035,Medium,8283952.999999999,UN_WPP
LBY,2040,Medium,8651417.0,UN_WPP
LBY,2045,Medium,8983949.0,UN_WPP
LBY,2050,Medium,9260605.0,UN_WPP
LBY,2051,Medium,9310578.0,UN_WPP
MAR,2026,Medium,38762441.0,UN_WPP
MAR,2030,Medium,39953460.0,UN_WPP
MAR,2035,Medium,41182094.0,UN_WPP
MAR,2040,Medium,42168205.0,UN_WPP
MAR,2045,Medium,42925306.0,UN_WPP
MAR,2050,Medium,43440431.0,UN_WPP
MAR,2051,Medium,43517149.0,UN_WPP
SDN,2026,Medium,53282719.0,UN_WPP
SDN,2030,Medium,58571616.0,UN_WPP
SDN,2035,Medium,65148317.0,UN_WPP
SDN,2040,Medium,71730599.0,UN_WPP
SDN,2045,Medium,78415203.0,UN_WPP
SDN,2050,Medium,85206383.0,UN_WPP
SDN,2051,Medium,86579067.0,UN_WPP
TUN,2026,Medium,12415138.0,UN_WPP
TUN,2030,Medium,12628142.0,UN_WPP
TUN,2035,Medium,12812269.0,UN_WPP
TUN,2040,Medium,12953864.0,UN_WPP
TUN,2045,Medium,13076089.0,UN_WPP
TUN,2050,Medium,13145141.0,UN_WPP
TUN,2051,Medium,13148162.0,UN_WPP
BWA,2026,Medium,2603388.0,UN_WPP
BWA,2030,Medium,2765918.0,UN_WPP
BWA,2035,Medium,2954414.0,UN_WPP
BWA,2040,Medium,3126640.0,UN_WPP
BWA,2045,Medium,3285301.0,UN_WPP
BWA,2050,Medium,3437430.0,UN_WPP
BWA,2051,Medium,3465409.0,UN_WPP
SWZ,2026,Medium,1269859.0,UN_WPP
SWZ,2030,Medium,1320918.0,UN_WPP
SWZ,2035,Medium,1379418.0,UN_WPP
SWZ,2040,Medium,1429781.0,UN_WPP
SWZ,2045,Medium,1472137.0,UN_WPP
SWZ,2050,Medium,1505331.0,UN_WPP
SWZ,2051,Medium,1510782.0,UN_WPP
LSO,2026,Medium,2389336.0,UN_WPP
LSO,2030,Medium,2493818.0,UN_WPP
LSO,2035,Medium,2626567.0,UN_WPP
LSO,2040,Medium,2757876.0,UN_WPP
LSO,2045,Medium,2881339.0,UN_WPP
LSO,2050,Medium,2993077.0,UN_WPP
LSO,2051,Medium,3013558.0,UN_WPP
NAM,2026,Medium,3153246.0,UN_WPP
NAM,2030,Medium,3389958.0,UN_WPP
NAM,2035,Medium,3678880.0,UN_WPP
NAM,2040,Medium,3962405.0,UN_WPP
NAM,2045,Medium,4243350.0,UN_WPP
NAM,2050,Medium,4512301.0,UN_WPP
NAM,2051,Medium,4564906.0,UN_WPP
ZAF,2026,Medium,65453084.0,UN_WPP
ZAF,2030,Medium,68161359.0,UN_WPP
ZAF,2035,Medium,71234752.0,UN_WPP
ZAF,2040,Medium,74035624.0,UN_WPP
ZAF,2045,Medium,76681450.0,UN_WPP
ZAF,2050,Medium,79177328.0,UN_WPP
ZAF,2051,Medium,79652213.0,UN_WPP
BEN,2026,Medium,15170419.0,UN_WPP
BEN,2030,Medium,16618822.0,UN_WPP
BEN,2035,Medium,18492631.0,UN_WPP
BEN,2040,Medium,20445760.0,UN_WPP
BEN,2045,Medium,22443646.0,UN_WPP
BEN,2050,Medium,24433809.0,UN_WPP
BEN,2051,Medium,24827844.0,UN_WPP
BFA,2026,Medium,24601700.0,UN_WPP
BFA,2030,Medium,26730324.0,UN_WPP
BFA,2035,Medium,29469746.0,UN_WPP
BFA,2040,Medium,32193645.0,UN_WPP
BFA,2045,Medium,34829690.0,UN_WPP
BFA,2050,Medium,37304383.0,UN_WPP
BFA,2051,Medium,37777225.0,UN_WPP
CPV,2026,Medium,529630.0,UN_WPP
CPV,2030,Medium,538614.0,UN_WPP
CPV,2035,Medium,548591.0,UN_WPP
CPV,2040,Medium,557374.0,UN_WPP
CPV,2045,Medium,563476.0,UN_WPP
CPV,2050,Medium,566134.0,UN_WPP
CPV,2051,Medium,566201.0,UN_WPP
CIV,2026,Medium,33494346.0,UN_WPP
CIV,2030,Medium,36699009.0,UN_WPP
CIV,2035,Medium,41033849.0,UN_WPP
CIV,2040,Medium,45743925.0,UN_WPP
CIV,2045,Medium,50716067.0,UN_WPP
CIV,2050,Medium,55746985.0,UN_WPP
CIV,2051,Medium,56759561.0,UN_WPP
GMB,2026,Medium,2884079.0,UN_WPP
GMB,2030,Medium,3130133.0,UN_WPP
GMB,2035,Medium,3433425.0,UN_WPP
GMB,2040,Medium,3732798.0,UN_WPP
GMB,2045,Medium,4024237.0,UN_WPP
GMB,2050,Medium,4301895.0,UN_WPP
GMB,2051,Medium,4355372.0,UN_WPP
GHA,2026,Medium,35697557.0,UN_WPP
GHA,2030,Medium,38222089.0,UN_WPP
GHA,2035,Medium,41412554.0,UN_WPP
GHA,2040,Medium,44568350.0,UN_WPP
GHA,2045,Medium,47634274.0,UN_WPP
GHA,2050,Medium,50553047.0,UN_WPP
GHA,2051,Medium,51112490.0,UN_WPP
GIN,2026,Medium,15441993.0,UN_WPP
GIN,2030,Medium,16807147.0,UN_WPP
GIN,2035,Medium,18486013.0,UN_WPP
GIN,2040,Medium,20160750.0,UN_WPP
GIN,2045,Medium,21817245.0,UN_WPP
GIN,2050,Medium,23404584.0,UN_WPP
GIN,2051,Medium,23715929.0,UN_WPP
GNB,2026,Medium,2297808.0,UN_WPP
GNB,2030,Medium,2488934.0,UN_WPP
GNB,2035,Medium,2730133.0,UN_WPP
GNB,2040,Medium,2969702.0,UN_WPP
GNB,2045,Medium,3204249.0,UN_WPP
GNB,2050,Medium,3438608.0,UN_WPP
GNB,2051,Medium,3483363.0,UN_WPP
LBR,2026,Medium,5853949.0,UN_WPP
LBR,2030,Medium,6366291.0,UN_WPP
LBR,2035,Medium,7003557.0,UN_WPP
LBR,2040,Medium,7681688.0,UN_WPP
LBR,2045,Medium,8310645.0,UN_WPP
LBR,2050,Medium,8910530.0,UN_WPP
LBR,2051,Medium,9020146.0,UN_WPP
MLI,2026,Medium,25932275.0,UN_WPP
MLI,2030,Medium,29002865.0,UN_WPP
MLI,2035,Medium,33118345.0,UN_WPP
MLI,2040,Medium,37413643.0,UN_WPP
MLI,2045,Medium,41778982.0,UN_WPP
MLI,2050,Medium,46154079.0,UN_WPP
MLI,2051,Medium,47029244.0,UN_WPP
MRT,2026,Medium,5461319.0,UN_WPP
MRT,2030,Medium,6062528.0,UN_WPP
MRT,2035,Medium,6856319.0,UN_WPP
MRT,2040,Medium,7681908.0,UN_WPP
MRT,2045,Medium,8538531.0,UN_WPP
MRT,2050,Medium,9415598.0,UN_WPP
MRT,2051,Medium,9592001.0,UN_WPP
NER,2026,Medium,28814878.0,UN_WPP
NER,2030,Medium,32518075.0,UN_WPP
NER,2035,Medium,37353463.0,UN_WPP
NER,2040,Medium,42316740.0,UN_WPP
NER,2045,Medium,47374117.0,UN_WPP
NER,2050,Medium,52513876.0,UN_WPP
NER,2051,Medium,53546930.0,UN_WPP
NGA,2026,Medium,242431832.0,UN_WPP
NGA,2030,Medium,262380970.0,UN_WPP
NGA,2035,Medium,287685763.0,UN_WPP
NGA,2040,Medium,312710416.0,UN_WPP
NGA,2045,Medium,336662502.0,UN_WPP
NGA,2050,Medium,359185556.0,UN_WPP
NGA,2051,Medium,363523611.0,UN_WPP
SEN,2026,Medium,19366548.0,UN_WPP
SEN,2030,Medium,21163192.0,UN_WPP
SEN,2035,Medium,23476596.0,UN_WPP
SEN,2040,Medium,25797510.0,UN_WPP
SEN,2045,Medium,28089699.0,UN_WPP
SEN,2050,Medium,30364954.0,UN_WPP
SEN,2051,Medium,30817068.0,UN_WPP
SLE,2026,Medium,8996745.0,UN_WPP
SLE,2030,Medium,9694858.0,UN_WPP
SLE,2035,Medium,10563167.0,UN_WPP
SLE,2040,Medium,11398400.0,UN_WPP
SLE,2045,Medium,12208880.0,UN_WPP
SLE,2050,Medium,12948325.0,UN_WPP
SLE,2051,Medium,13093462.0,UN_WPP
TGO,2026,Medium,9930918.0,UN_WPP
TGO,2030,Medium,10792997.0,UN_WPP
TGO,2035,Medium,11937684.0,UN_WPP
TGO,2040,Medium,13121352.0,UN_WPP
TGO,2045,Medium,14347512.0,UN_WPP
TGO,2050,Medium,15584778.0,UN_WPP
TGO,2051,Medium,15831367.0,UN_WPP
KAZ,2026,Medium,21083626.0,UN_WPP
KAZ,2030,Medium,22003193.0,UN_WPP
KAZ,2035,Medium,23125951.0,UN_WPP
KAZ,2040,Medium,24246823.0,UN_WPP
KAZ,2045,Medium,25409756.0,UN_WPP
KAZ,2050,Medium,26544265.0,UN_WPP
KAZ,2051,Medium,26757521.0,UN_WPP
KGZ,2026,Medium,7400465.0,UN_WPP
KGZ,2030,Medium,7803618.0,UN_WPP
KGZ,2035,Medium,8282415.000000001,UN_WPP
KGZ,2040,Medium,8757697.0,UN_WPP
KGZ,2045,Medium,9222104.0,UN_WPP
KGZ,2050,Medium,9642952.0,UN_WPP
KGZ,2051,Medium,9722163.0,UN_WPP
TJK,2026,Medium,10978599.0,UN_WPP
TJK,2030,Medium,11733068.0,UN_WPP
TJK,2035,Medium,12695585.0,UN_WPP
TJK,2040,Medium,13713947.0,UN_WPP
TJK,2045,Medium,14694862.0,UN_WPP
TJK,2050,Medium,15574642.0,UN_WPP
TJK,2051,Medium,15737680.0,UN_WPP
TKM,2026,Medium,7736632.0,UN_WPP
TKM,2030,Medium,8135729.0,UN_WPP
TKM,2035,Medium,8538668.0,UN_WPP
TKM,2040,Medium,8932231.0,UN_WPP
TKM,2045,Medium,9312822.0,UN_WPP
TKM,2050,Medium,9639708.0,UN_WPP
TKM,2051,Medium,9694833.0,UN_WPP
UZB,2026,Medium,37724223.0,UN_WPP
UZB,2030,Medium,40248241.0,UN_WPP
UZB,2035,Medium,43175102.0,UN_WPP
UZB,2040,Medium,46044152.0,UN_WPP
UZB,2045,Medium,49096063.0,UN_WPP
UZB,2050,Medium,52210755.0,UN_WPP
UZB,2051,Medium,52819885.0,UN_WPP
CHN,2026,Medium,1412914089.0,UN_WPP
CHN,2030,Medium,1398153832.0,UN_WPP
CHN,2035,Medium,1373427531.0,UN_WPP
CHN,2040,Medium,1342816657.0,UN_WPP
CHN,2045,Medium,1306113788.0,UN_WPP
CHN,2050,Medium,1260289093.0,UN_WPP
CHN,2051,Medium,1249692538.0,UN_WPP
PRK,2026,Medium,26633691.0,UN_WPP
PRK,2030,Medium,26784904.0,UN_WPP
PRK,2035,Medium,26757724.0,UN_WPP
PRK,2040,Medium,26542432.0,UN_WPP
PRK,2045,Medium,26210203.0,UN_WPP
PRK,2050,Medium,25787127.0,UN_WPP
PRK,2051,Medium,25691411.0,UN_WPP
JPN,2026,Medium,122427731.0,UN_WPP
JPN,2030,Medium,119584121.0,UN_WPP
JPN,2035,Medium,115876149.0,UN_WPP
JPN,2040,Medium,112158303.0,UN_WPP
JPN,2045,Medium,108551995.0,UN_WPP
JPN,2050,Medium,105123167.0,UN_WPP
JPN,2051,Medium,104452458.0,UN_WPP
MNG,2026,Medium,3556798.0,UN_WPP
MNG,2030,Medium,3705231.0,UN_WPP
MNG,2035,Medium,3889776.0,UN_WPP
MNG,2040,Medium,4095554.0,UN_WPP
MNG,2045,Medium,4308779.0,UN_WPP
MNG,2050,Medium,4501493.0,UN_WPP
MNG,2051,Medium,4535765.0,UN_WPP
KOR,2026,Medium,51600388.0,UN_WPP
KOR,2030,Medium,51188584.0,UN_WPP
KOR,2035,Medium,50300733.0,UN_WPP
KOR,2040,Medium,48948687.0,UN_WPP
KOR,2045,Medium,47232956.0,UN_WPP
KOR,2050,Medium,45143134.0,UN_WPP
KOR,2051,Medium,44671149.0,UN_WPP
AFG,2026,Medium,45047069.0,UN_WPP
AFG,2030,Medium,50039402.0,UN_WPP
AFG,2035,Medium,56647232.0,UN_WPP
AFG,2040,Medium,63347870.0,UN_WPP
AFG,2045,Medium,70021200.0,UN_WPP
AFG,2050,Medium,76885135.0,UN_WPP
AFG,2051,Medium,78155052.0,UN_WPP
BGD,2026,Medium,177818044.0,UN_WPP
BGD,2030,Medium,186072407.0,UN_WPP
BGD,2035,Medium,195130372.0,UN_WPP
BGD,2040,Medium,202589429.0,UN_WPP
BGD,2045,Medium,209029594.0,UN_WPP
BGD,2050,Medium,214709097.0,UN_WPP
BGD,2051,Medium,215750555.0,UN_WPP
BTN,2026,Medium,802214.0,UN_WPP
BTN,2030,Medium,820694.0,UN_WPP
BTN,2035,Medium,843202.0,UN_WPP
BTN,2040,Medium,862129.0,UN_WPP
BTN,2045,Medium,876173.0,UN_WPP
BTN,2050,Medium,882340.0,UN_WPP
BTN,2051,Medium,883389.0,UN_WPP
IND,2026,Medium,1476625576.0,UN_WPP
IND,2030,Medium,1525138844.0,UN_WPP
IND,2035,Medium,1578694796.0,UN_WPP
IND,2040,Medium,1622580039.0,UN_WPP
IND,2045,Medium,1656067583.0,UN_WPP
IND,2050,Medium,1679589259.0,UN_WPP
IND,2051,Medium,1683220886.0,UN_WPP
IRN,2026,Medium,93168497.0,UN_WPP
IRN,2030,Medium,95486667.0,UN_WPP
IRN,2035,Medium,97679252.0,UN_WPP
IRN,2040,Medium,99524277.0,UN_WPP
IRN,2045,Medium,100990613.0,UN_WPP
IRN,2050,Medium,101861993.0,UN_WPP
IRN,2051,Medium,101942322.0,UN_WPP
MDV,2026,Medium,531517.0,UN_WPP
MDV,2030,Medium,539667.0,UN_WPP
MDV,2035,Medium,551594.0,UN_WPP
MDV,2040,Medium,564798.0,UN_WPP
MDV,2045,Medium,578453.0,UN_WPP
MDV,2050,Medium,589962.0,UN_WPP
MDV,2051,Medium,591628.0,UN_WPP
NPL,2026,Medium,29629410.0,UN_WPP
NPL,2030,Medium,30509996.0,UN_WPP
NPL,2035,Medium,31798004.0,UN_WPP
NPL,2040,Medium,32909537.0,UN_WPP
NPL,2045,Medium,33861060.0,UN_WPP
NPL,2050,Medium,34642027.0,UN_WPP
NPL,2051,Medium,34777003.0,UN_WPP
PAK,2026,Medium,259299791.0,UN_WPP
PAK,2030,Medium,276883255.0,UN_WPP
PAK,2035,Medium,300643508.0,UN_WPP
PAK,2040,Medium,324937697.0,UN_WPP
PAK,2045,Medium,348837726.0,UN_WPP
PAK,2050,Medium,371863793.0,UN_WPP
PAK,2051,Medium,376335025.0,UN_WPP
LKA,2026,Medium,23348315.0,UN_WPP
LKA,2030,Medium,23767952.0,UN_WPP
LKA,2035,Medium,24196475.0,UN_WPP
LKA,2040,Medium,24526699.0,UN_WPP
LKA,2045,Medium,24736435.0,UN_WPP
LKA,2050,Medium,24813690.0,UN_WPP
LKA,2051,Medium,24814757.0,UN_WPP
BRN,2026,Medium,469775.0,UN_WPP
BRN,2030,Medium,482447.0,UN_WPP
BRN,2035,Medium,495290.0,UN_WPP
BRN,2040,Medium,505976.0,UN_WPP
BRN,2045,Medium,514052.0,UN_WPP
BRN,2050,Medium,519551.00000000006,UN_WPP
BRN,2051,Medium,520266.0,UN_WPP
KHM,2026,Medium,18051219.0,UN_WPP
KHM,2030,Medium,18827388.0,UN_WPP
KHM,2035,Medium,19720141.0,UN_WPP
KHM,2040,Medium,20540682.0,UN_WPP
KHM,2045,Medium,21286237.0,UN_WPP
KHM,2050,Medium,21931455.0,UN_WPP
KHM,2051,Medium,22045831.0,UN_WPP
IDN,2026,Medium,287886782.0,UN_WPP
IDN,2030,Medium,295876648.0,UN_WPP
IDN,2035,Medium,304566622.0,UN_WPP
IDN,2040,Medium,311797395.0,UN_WPP
IDN,2045,Medium,317249613.0,UN_WPP
IDN,2050,Medium,320712949.0,UN_WPP
IDN,2051,Medium,321175111.0,UN_WPP
LAO,2026,Medium,7974017.0,UN_WPP
LAO,2030,Medium,8357022.999999999,UN_WPP
LAO,2035,Medium,8788756.0,UN_WPP
LAO,2040,Medium,9169002.0,UN_WPP
LAO,2045,Medium,9492503.0,UN_WPP
LAO,2050,Medium,9757285.0,UN_WPP
LAO,2051,Medium,9802787.0,UN_WPP
MYS,2026,Medium,36385115.0,UN_WPP
MYS,2030,Medium,37961719.0,UN_WPP
MYS,2035,Medium,39814825.0,UN_WPP
MYS,2040,Medium,41509644.0,UN_WPP
MYS,2045,Medium,43038204.0,UN_WPP
MYS,2050,Medium,44289772.0,UN_WPP
MYS,2051,Medium,44502613.0,UN_WPP
MMR,2026,Medium,55184819.0,UN_WPP
MMR,2030,Medium,56351031.0,UN_WPP
MMR,2035,Medium,57444464.0,UN_WPP
MMR,2040,Medium,58169858.0,UN_WPP
MMR,2045,Medium,58558172.0,UN_WPP
MMR,2050,Medium,58623232.0,UN_WPP
MMR,2051,Medium,58602738.0,UN_WPP
PHL,2026,Medium,117724471.0,UN_WPP
PHL,2030,Medium,121408895.0,UN_WPP
PHL,2035,Medium,125740971.0,UN_WPP
PHL,2040,Medium,129546659.0,UN_WPP
PHL,2045,Medium,132492032.0,UN_WPP
PHL,2050,Medium,134373439.0,UN_WPP
PHL,2051,Medium,134612611.0,UN_WPP
SGP,2026,Medium,5905748.0,UN_WPP
SGP,2030,Medium,6031377.0,UN_WPP
SGP,2035,Medium,6153233.0,UN_WPP
SGP,2040,Medium,6194782.0,UN_WPP
SGP,2045,Medium,6156188.0,UN_WPP
SGP,2050,Medium,6081691.0,UN_WPP
SGP,2051,Medium,6064528.0,UN_WPP
THA,2026,Medium,71559614.0,UN_WPP
THA,2030,Medium,71215022.0,UN_WPP
THA,2035,Medium,70540885.0,UN_WPP
THA,2040,Medium,69535002.0,UN_WPP
THA,2045,Medium,68150152.0,UN_WPP
THA,2050,Medium,66382735.0,UN_WPP
THA,2051,Medium,65985159.0,UN_WPP
TLS,2026,Medium,1436923.0,UN_WPP
TLS,2030,Medium,1519804.0,UN_WPP
TLS,2035,Medium,1618798.0,UN_WPP
TLS,2040,Medium,1718249.0,UN_WPP
TLS,2045,Medium,1809633.0,UN_WPP
TLS,2050,Medium,1889249.0,UN_WPP
TLS,2051,Medium,1902810.0,UN_WPP
VNM,2026,Medium,102177431.0,UN_WPP
VNM,2030,Medium,104254902.0,UN_WPP
VNM,2035,Medium,106530676.0,UN_WPP
VNM,2040,Medium,108437635.0,UN_WPP
VNM,2045,Medium,109685398.0,UN_WPP
VNM,2050,Medium,110008908.0,UN_WPP
VNM,2051,Medium,109963189.0,UN_WPP
ARM,2026,Medium,2930915.0,UN_WPP
ARM,2030,Medium,2851291.0,UN_WPP
ARM,2035,Medium,2756725.0,UN_WPP
ARM,2040,Medium,2665523.0,UN_WPP
ARM,2045,Medium,2579220.0,UN_WPP
ARM,2050,Medium,2495207.0,UN_WPP
ARM,2051,Medium,2478352.0,UN_WPP
AZE,2026,Medium,10454855.0,UN_WPP
AZE,2030,Medium,10665380.0,UN_WPP
AZE,2035,Medium,10898665.0,UN_WPP
AZE,2040,Medium,11081335.0,UN_WPP
AZE,2045,Medium,11188800.0,UN_WPP
AZE,2050,Medium,11224923.0,UN_WPP
AZE,2051,Medium,11224460.0,UN_WPP
BHR,2026,Medium,1675572.0,UN_WPP
BHR,2030,Medium,1765209.0,UN_WPP
BHR,2035,Medium,1856537.0,UN_WPP
BHR,2040,Medium,1951233.0,UN_WPP
BHR,2045,Medium,2046472.0,UN_WPP
BHR,2050,Medium,2139465.0,UN_WPP
BHR,2051,Medium,2157875.0,UN_WPP
CYP,2026,Medium,1382334.0,UN_WPP
CYP,2030,Medium,1422318.0,UN_WPP
CYP,2035,Medium,1459190.0,UN_WPP
CYP,2040,Medium,1484849.0,UN_WPP
CYP,2045,Medium,1500070.0,UN_WPP
CYP,2050,Medium,1508482.0,UN_WPP
CYP,2051,Medium,1509486.0,UN_WPP
GEO,2026,Medium,3804642.0,UN_WPP
GEO,2030,Medium,3790542.0,UN_WPP
GEO,2035,Medium,3764200.0,UN_WPP
GEO,2040,Medium,3732856.0,UN_WPP
GEO,2045,Medium,3703994.0,UN_WPP
GEO,2050,Medium,3664014.0,UN_WPP
GEO,2051,Medium,3654921.0,UN_WPP
IRQ,2026,Medium,48007437.0,UN_WPP
IRQ,2030,Medium,51937208.0,UN_WPP
IRQ,2035,Medium,57035914.0,UN_WPP
IRQ,2040,Medium,62223211.0,UN_WPP
IRQ,2045,Medium,67204177.0,UN_WPP
IRQ,2050,Medium,71928750.0,UN_WPP
IRQ,2051,Medium,72837415.0,UN_WPP
ISR,2026,Medium,9647689.0,UN_WPP
ISR,2030,Medium,10175954.0,UN_WPP
ISR,2035,Medium,10858122.0,UN_WPP
ISR,2040,Medium,11581474.0,UN_WPP
ISR,2045,Medium,12342061.0,UN_WPP
ISR,2050,Medium,13092722.0,UN_WPP
ISR,2051,Medium,13244415.0,UN_WPP
JOR,2026,Medium,11589532.0,UN_WPP
JOR,2030,Medium,12448776.0,UN_WPP
JOR,2035,Medium,13440834.0,UN_WPP
JOR,2040,Medium,14471297.0,UN_WPP
JOR,2045,Medium,15471984.0,UN_WPP
JOR,2050,Medium,16367354.0,UN_WPP
JOR,2051,Medium,16525167.000000002,UN_WPP
KWT,2026,Medium,5102773.0,UN_WPP
KWT,2030,Medium,5324198.0,UN_WPP
KWT,2035,Medium,5569671.0,UN_WPP
KWT,2040,Medium,5831211.0,UN_WPP
KWT,2045,Medium,6099774.0,UN_WPP
KWT,2050,Medium,6367756.0,UN_WPP
KWT,2051,Medium,6421239.0,UN_WPP
LBN,2026,Medium,5897467.0,UN_WPP
LBN,2030,Medium,6103808.0,UN_WPP
LBN,2035,Medium,6357724.0,UN_WPP
LBN,2040,Medium,6620329.0,UN_WPP
LBN,2045,Medium,6834988.0,UN_WPP
LBN,2050,Medium,6999260.0,UN_WPP
LBN,2051,Medium,7025484.0,UN_WPP
OMN,2026,Medium,5671458.0,UN_WPP
OMN,2030,Medium,6112706.0,UN_WPP
OMN,2035,Medium,6517803.0,UN_WPP
OMN,2040,Medium,6931974.0,UN_WPP
OMN,2045,Medium,7370225.0,UN_WPP
OMN,2050,Medium,7827002.0,UN_WPP
OMN,2051,Medium,7920185.0,UN_WPP
QAT,2026,Medium,3173559.0,UN_WPP
QAT,2030,Medium,3333610.0,UN_WPP
QAT,2035,Medium,3511258.0,UN_WPP
QAT,2040,Medium,3711503.0,UN_WPP
QAT,2045,Medium,3930896.0,UN_WPP
QAT,2050,Medium,4164461.000000001,UN_WPP
QAT,2051,Medium,4212656.0,UN_WPP
SAU,2026,Medium,35165787.0,UN_WPP
SAU,2030,Medium,37443751.0,UN_WPP
SAU,2035,Medium,40012640.0,UN_WPP
SAU,2040,Medium,42592205.0,UN_WPP
SAU,2045,Medium,45156465.0,UN_WPP
SAU,2050,Medium,47693910.0,UN_WPP
SAU,2051,Medium,48198043.0,UN_WPP
PSE,2026,Medium,5692790.0,UN_WPP
PSE,2030,Medium,6122314.0,UN_WPP
PSE,2035,Medium,6692735.0,UN_WPP
PSE,2040,Medium,7291826.0,UN_WPP
PSE,2045,Medium,7895095.0,UN_WPP
PSE,2050,Medium,8451891.0,UN_WPP
PSE,2051,Medium,8559237.0,UN_WPP
SYR,2026,Medium,26472497.0,UN_WPP
SYR,2030,Medium,29395540.0,UN_WPP
SYR,2035,Medium,32294793.0,UN_WPP
SYR,2040,Medium,34533185.0,UN_WPP
SYR,2045,Medium,36265286.0,UN_WPP
SYR,2050,Medium,37793372.0,UN_WPP
SYR,2051,Medium,38104385.0,UN_WPP
TUR,2026,Medium,87926082.0,UN_WPP
TUR,2030,Medium,89027542.0,UN_WPP
TUR,2035,Medium,90188557.0,UN_WPP
TUR,2040,Medium,91009681.0,UN_WPP
TUR,2045,Medium,91392535.0,UN_WPP
TUR,2050,Medium,91258061.0,UN_WPP
TUR,2051,Medium,91140413.0,UN_WPP
ARE,2026,Medium,11574682.0,UN_WPP
ARE,2030,Medium,12190605.0,UN_WPP
ARE,2035,Medium,12910702.0,UN_WPP
ARE,2040,Medium,13693776.0,UN_WPP
ARE,2045,Medium,14507366.0,UN_WPP
ARE,2050,Medium,15367392.0,UN_WPP
ARE,2051,Medium,15543672.0,UN_WPP
YEM,2026,Medium,42961653.0,UN_WPP
YEM,2030,Medium,47667662.0,UN_WPP
YEM,2035,Medium,53429325.0,UN_WPP
YEM,2040,Medium,59181526.0,UN_WPP
YEM,2045,Medium,65066356.0,UN_WPP
YEM,2050,Medium,70976403.0,UN_WPP
YEM,2051,Medium,72147203.0,UN_WPP
BLR,2026,Medium,8937018.0,UN_WPP
BLR,2030,Medium,8687632.0,UN_WPP
BLR,2035,Medium,8372271.000000001,UN_WPP
BLR,2040,Medium,8064466.0,UN_WPP
BLR,2045,Medium,7763466.0,UN_WPP
BLR,2050,Medium,7453546.0,UN_WPP
BLR,2051,Medium,7388575.0,UN_WPP
BGR,2026,Medium,6667659.0,UN_WPP
BGR,2030,Medium,6458243.0,UN_WPP
BGR,2035,Medium,6183114.0,UN_WPP
BGR,2040,Medium,5907728.0,UN_WPP
BGR,2045,Medium,5648256.0,UN_WPP
BGR,2050,Medium,5402217.0,UN_WPP
BGR,2051,Medium,5354139.0,UN_WPP
CZE,2026,Medium,10527781.0,UN_WPP
CZE,2030,Medium,10425089.0,UN_WPP
CZE,2035,Medium,10265956.0,UN_WPP
CZE,2040,Medium,10107226.0,UN_WPP
CZE,2045,Medium,9965090.0,UN_WPP
CZE,2050,Medium,9825543.0,UN_WPP
CZE,2051,Medium,9795302.0,UN_WPP
HUN,2026,Medium,9585818.0,UN_WPP
HUN,2030,Medium,9449115.0,UN_WPP
HUN,2035,Medium,9259903.0,UN_WPP
HUN,2040,Medium,9067617.0,UN_WPP
HUN,2045,Medium,8889214.0,UN_WPP
HUN,2050,Medium,8725347.0,UN_WPP
HUN,2051,Medium,8693973.0,UN_WPP
POL,2026,Medium,37843188.0,UN_WPP
POL,2030,Medium,37198543.0,UN_WPP
POL,2035,Medium,36243787.0,UN_WPP
POL,2040,Medium,35179554.0,UN_WPP
POL,2045,Medium,34031059.0,UN_WPP
POL,2050,Medium,32814096.0,UN_WPP
POL,2051,Medium,32561485.0,UN_WPP
MDA,2026,Medium,2961253.0,UN_WPP
MDA,2030,Medium,2845242.0,UN_WPP
MDA,2035,Medium,2702010.0,UN_WPP
MDA,2040,Medium,2568810.0,UN_WPP
MDA,2045,Medium,2454941.0,UN_WPP
MDA,2050,Medium,2351809.0,UN_WPP
MDA,2051,Medium,2331186.0,UN_WPP
ROU,2026,Medium,18800605.0,UN_WPP
ROU,2030,Medium,18359507.0,UN_WPP
ROU,2035,Medium,17794417.0,UN_WPP
ROU,2040,Medium,17209718.0,UN_WPP
ROU,2045,Medium,16620320.0,UN_WPP
ROU,2050,Medium,16027266.0,UN_WPP
ROU,2051,Medium,15907818.0,UN_WPP
RUS,2026,Medium,143394458.0,UN_WPP
RUS,2030,Medium,141889410.0,UN_WPP
RUS,2035,Medium,139909641.0,UN_WPP
RUS,2040,Medium,138281831.0,UN_WPP
RUS,2045,Medium,137152207.0,UN_WPP
RUS,2050,Medium,136132775.0,UN_WPP
RUS,2051,Medium,135876189.0,UN_WPP
SVK,2026,Medium,5451342.0,UN_WPP
SVK,2030,Medium,5401392.0,UN_WPP
SVK,2035,Medium,5307343.0,UN_WPP
SVK,2040,Medium,5192010.0,UN_WPP
SVK,2045,Medium,5066919.0,UN_WPP
SVK,2050,Medium,4936488.0,UN_WPP
SVK,2051,Medium,4909328.0,UN_WPP
UKR,2026,Medium,39535849.0,UN_WPP
UKR,2030,Medium,38353853.0,UN_WPP
UKR,2035,Medium,36828147.0,UN_WPP
UKR,2040,Medium,35270911.0,UN_WPP
UKR,2045,Medium,33680445.0,UN_WPP
UKR,2050,Medium,31990132.0,UN_WPP
UKR,2051,Medium,31637037.0,UN_WPP
DNK,2026,Medium,6023520.0,UN_WPP
DNK,2030,Medium,6081995.0,UN_WPP
DNK,2035,Medium,6119806.0,UN_WPP
DNK,2040,Medium,6134659.0,UN_WPP
DNK,2045,Medium,6134655.0,UN_WPP
DNK,2050,Medium,6124838.0,UN_WPP
DNK,2051,Medium,6121371.0,UN_WPP
EST,2026,Medium,1331062.0,UN_WPP
EST,2030,Medium,1302772.0,UN_WPP
EST,2035,Medium,1268271.0,UN_WPP
EST,2040,Medium,1236787.0,UN_WPP
EST,2045,Medium,1206184.0,UN_WPP
EST,2050,Medium,1174267.0,UN_WPP
EST,2051,Medium,1167469.0,UN_WPP
FIN,2026,Medium,5621739.0,UN_WPP
FIN,2030,Medium,5592051.0,UN_WPP
FIN,2035,Medium,5540655.0,UN_WPP
FIN,2040,Medium,5480523.0,UN_WPP
FIN,2045,Medium,5418350.0,UN_WPP
FIN,2050,Medium,5351645.0,UN_WPP
FIN,2051,Medium,5337090.0,UN_WPP
ISL,2026,Medium,402329.0,UN_WPP
ISL,2030,Medium,414348.0,UN_WPP
ISL,2035,Medium,423579.0,UN_WPP
ISL,2040,Medium,429452.0,UN_WPP
ISL,2045,Medium,432484.0,UN_WPP
ISL,2050,Medium,432993.0,UN_WPP
ISL,2051,Medium,432981.0,UN_WPP
IRL,2026,Medium,5356950.0,UN_WPP
IRL,2030,Medium,5525093.0,UN_WPP
IRL,2035,Medium,5686868.0,UN_WPP
IRL,2040,Medium,5817570.0,UN_WPP
IRL,2045,Medium,5916936.0,UN_WPP
IRL,2050,Medium,5970042.0,UN_WPP
IRL,2051,Medium,5973837.0,UN_WPP
LVA,2026,Medium,1835935.0,UN_WPP
LVA,2030,Medium,1777620.0,UN_WPP
LVA,2035,Medium,1706428.0,UN_WPP
LVA,2040,Medium,1640644.0,UN_WPP
LVA,2045,Medium,1577406.0,UN_WPP
LVA,2050,Medium,1513810.0,UN_WPP
LVA,2051,Medium,1501015.0,UN_WPP
LTU,2026,Medium,2797338.0,UN_WPP
LTU,2030,Medium,2706358.0,UN_WPP
LTU,2035,Medium,2597392.0,UN_WPP
LTU,2040,Medium,2484835.0,UN_WPP
LTU,2045,Medium,2372137.0,UN_WPP
LTU,2050,Medium,2258774.0,UN_WPP
LTU,2051,Medium,2235291.0,UN_WPP
NOR,2026,Medium,5652989.0,UN_WPP
NOR,2030,Medium,5729095.0,UN_WPP
NOR,2035,Medium,5801417.0,UN_WPP
NOR,2040,Medium,5853869.0,UN_WPP
NOR,2045,Medium,5886017.0,UN_WPP
NOR,2050,Medium,5899829.0,UN_WPP
NOR,2051,Medium,5899792.0,UN_WPP
SWE,2026,Medium,10701047.0,UN_WPP
SWE,2030,Medium,10841810.0,UN_WPP
SWE,2035,Medium,10964978.0,UN_WPP
SWE,2040,Medium,11078602.0,UN_WPP
SWE,2045,Medium,11202872.0,UN_WPP
SWE,2050,Medium,11309630.0,UN_WPP
SWE,2051,Medium,11327101.0,UN_WPP
GBR,2026,Medium,69931528.0,UN_WPP
GBR,2030,Medium,71286992.0,UN_WPP
GBR,2035,Medium,72656815.0,UN_WPP
GBR,2040,Medium,73774626.0,UN_WPP
GBR,2045,Medium,74753658.0,UN_WPP
GBR,2050,Medium,75504681.0,UN_WPP
GBR,2051,Medium,75616457.0,UN_WPP
ALB,2026,Medium,2751025.0,UN_WPP
ALB,2030,Medium,2671885.0,UN_WPP
ALB,2035,Medium,2570580.0,UN_WPP
ALB,2040,Medium,2461866.0,UN_WPP
ALB,2045,Medium,2351280.0,UN_WPP
ALB,2050,Medium,2240166.0,UN_WPP
ALB,2051,Medium,2218012.0,UN_WPP
AND,2026,Medium,83753.0,UN_WPP
AND,2030,Medium,85681.0,UN_WPP
AND,2035,Medium,86174.0,UN_WPP
AND,2040,Medium,85668.0,UN_WPP
AND,2045,Medium,84294.0,UN_WPP
AND,2050,Medium,82195.0,UN_WPP
AND,2051,Medium,81668.0,UN_WPP
BIH,2026,Medium,3114242.0,UN_WPP
BIH,2030,Medium,3013974.0,UN_WPP
BIH,2035,Medium,2881542.0,UN_WPP
BIH,2040,Medium,2745010.0,UN_WPP
BIH,2045,Medium,2599927.0,UN_WPP
BIH,2050,Medium,2455167.0,UN_WPP
BIH,2051,Medium,2426282.0,UN_WPP
HRV,2026,Medium,3822345.0,UN_WPP
HRV,2030,Medium,3725770.0,UN_WPP
HRV,2035,Medium,3607215.0,UN_WPP
HRV,2040,Medium,3488309.0,UN_WPP
HRV,2045,Medium,3362953.0,UN_WPP
HRV,2050,Medium,3234160.0,UN_WPP
HRV,2051,Medium,3208229.0,UN_WPP
GRC,2026,Medium,9897115.0,UN_WPP
GRC,2030,Medium,9721984.0,UN_WPP
GRC,2035,Medium,9496499.0,UN_WPP
GRC,2040,Medium,9275613.0,UN_WPP
GRC,2045,Medium,9058325.0,UN_WPP
GRC,2050,Medium,8812069.0,UN_WPP
GRC,2051,Medium,8758041.0,UN_WPP
VAT,2026,Medium,506.0,UN_WPP
VAT,2030,Medium,528.0,UN_WPP
VAT,2035,Medium,537.0,UN_WPP
VAT,2040,Medium,587.0,UN_WPP
VAT,2045,Medium,649.0,UN_WPP
VAT,2050,Medium,714.0,UN_WPP
VAT,2051,Medium,726.0,UN_WPP
ITA,2026,Medium,58926166.0,UN_WPP
ITA,2030,Medium,57946072.0,UN_WPP
ITA,2035,Medium,56620005.0,UN_WPP
ITA,2040,Medium,55221168.0,UN_WPP
ITA,2045,Medium,53680471.0,UN_WPP
ITA,2050,Medium,51891099.0,UN_WPP
ITA,2051,Medium,51499509.0,UN_WPP
MLT,2026,Medium,549011.0,UN_WPP
MLT,2030,Medium,555231.0,UN_WPP
MLT,2035,Medium,556508.0,UN_WPP
MLT,2040,Medium,551735.0,UN_WPP
MLT,2045,Medium,544634.0,UN_WPP
MLT,2050,Medium,535721.0,UN_WPP
MLT,2051,Medium,533639.0,UN_WPP
MNE,2026,Medium,626233.0,UN_WPP
MNE,2030,Medium,612562.0,UN_WPP
MNE,2035,Medium,594137.0,UN_WPP
MNE,2040,Medium,574434.0,UN_WPP
MNE,2045,Medium,554231.0,UN_WPP
MNE,2050,Medium,533295.0,UN_WPP
MNE,2051,Medium,529032.0,UN_WPP
MKD,2026,Medium,1804063.0,UN_WPP
MKD,2030,Medium,1762486.0,UN_WPP
MKD,2035,Medium,1704194.0,UN_WPP
MKD,2040,Medium,1641908.0,UN_WPP
MKD,2045,Medium,1577355.0,UN_WPP
MKD,2050,Medium,1512688.0,UN_WPP
MKD,2051,Medium,1499303.0,UN_WPP
PRT,2026,Medium,10395362.0,UN_WPP
PRT,2030,Medium,10317927.0,UN_WPP
PRT,2035,Medium,10208240.0,UN_WPP
PRT,2040,Medium,10082255.0,UN_WPP
PRT,2045,Medium,9938389.0,UN_WPP
PRT,2050,Medium,9770271.0,UN_WPP
PRT,2051,Medium,9734815.0,UN_WPP
SMR,2026,Medium,33605.0,UN_WPP
SMR,2030,Medium,33742.0,UN_WPP
SMR,2035,Medium,33828.0,UN_WPP
SMR,2040,Medium,33969.0,UN_WPP
SMR,2045,Medium,33920.0,UN_WPP
SMR,2050,Medium,33696.0,UN_WPP
SMR,2051,Medium,33643.0,UN_WPP
SRB,2026,Medium,6641964.0,UN_WPP
SRB,2030,Medium,6461212.0,UN_WPP
SRB,2035,Medium,6226578.0,UN_WPP
SRB,2040,Medium,5987456.0,UN_WPP
SRB,2045,Medium,5753266.0,UN_WPP
SRB,2050,Medium,5532870.0,UN_WPP
SRB,2051,Medium,5489989.0,UN_WPP
SVN,2026,Medium,2114573.0,UN_WPP
SVN,2030,Medium,2098956.0,UN_WPP
SVN,2035,Medium,2073836.0,UN_WPP
SVN,2040,Medium,2046764.0,UN_WPP
SVN,2045,Medium,2016283.0,UN_WPP
SVN,2050,Medium,1981553.0,UN_WPP
SVN,2051,Medium,1973639.0,UN_WPP
ESP,2026,Medium,47850793.0,UN_WPP
ESP,2030,Medium,47610520.0,UN_WPP
ESP,2035,Medium,47154196.0,UN_WPP
ESP,2040,Medium,46591674.0,UN_WPP
ESP,2045,Medium,45879964.0,UN_WPP
ESP,2050,Medium,44928558.0,UN_WPP
ESP,2051,Medium,44712279.0,UN_WPP
AUT,2026,Medium,9107266.0,UN_WPP
AUT,2030,Medium,9080346.0,UN_WPP
AUT,2035,Medium,9014208.0,UN_WPP
AUT,2040,Medium,8934061.0,UN_WPP
AUT,2045,Medium,8844730.0,UN_WPP
AUT,2050,Medium,8724332.0,UN_WPP
AUT,2051,Medium,8696685.0,UN_WPP
BEL,2026,Medium,11774642.0,UN_WPP
BEL,2030,Medium,11824141.0,UN_WPP
BEL,2035,Medium,11863585.0,UN_WPP
BEL,2040,Medium,11892204.0,UN_WPP
BEL,2045,Medium,11900984.0,UN_WPP
BEL,2050,Medium,11870906.0,UN_WPP
BEL,2051,Medium,11859003.0,UN_WPP
FRA,2026,Medium,66746401.0,UN_WPP
FRA,2030,Medium,67107691.00000001,UN_WPP
FRA,2035,Medium,67547946.0,UN_WPP
FRA,2040,Medium,67938904.0,UN_WPP
FRA,2045,Medium,68190955.0,UN_WPP
FRA,2050,Medium,68219675.0,UN_WPP
FRA,2051,Medium,68200254.0,UN_WPP
DEU,2026,Medium,83644258.0,UN_WPP
DEU,2030,Medium,82780953.0,UN_WPP
DEU,2035,Medium,81669909.0,UN_WPP
DEU,2040,Medium,80551736.0,UN_WPP
DEU,2045,Medium,79491795.0,UN_WPP
DEU,2050,Medium,78294613.0,UN_WPP
DEU,2051,Medium,78048438.0,UN_WPP
LIE,2026,Medium,40368.0,UN_WPP
LIE,2030,Medium,41202.0,UN_WPP
LIE,2035,Medium,42005.0,UN_WPP
LIE,2040,Medium,42534.0,UN_WPP
LIE,2045,Medium,42861.0,UN_WPP
LIE,2050,Medium,43013.0,UN_WPP
LIE,2051,Medium,43031.0,UN_WPP
LUX,2026,Medium,687448.0,UN_WPP
LUX,2030,Medium,713667.0,UN_WPP
LUX,2035,Medium,740629.0,UN_WPP
LUX,2040,Medium,762673.0,UN_WPP
LUX,2045,Medium,779539.0,UN_WPP
LUX,2050,Medium,791464.0,UN_WPP
LUX,2051,Medium,793283.0,UN_WPP
MCO,2026,Medium,38087.0,UN_WPP
MCO,2030,Medium,37366.0,UN_WPP
MCO,2035,Medium,36894.0,UN_WPP
MCO,2040,Medium,36627.0,UN_WPP
MCO,2045,Medium,36523.0,UN_WPP
MCO,2050,Medium,36757.0,UN_WPP
MCO,2051,Medium,36840.0,UN_WPP
NLD,2026,Medium,18448775.0,UN_WPP
NLD,2030,Medium,18757217.0,UN_WPP
NLD,2035,Medium,18977352.0,UN_WPP
NLD,2040,Medium,19062983.0,UN_WPP
NLD,2045,Medium,19041975.0,UN_WPP
NLD,2050,Medium,18958475.0,UN_WPP
NLD,2051,Medium,18934376.0,UN_WPP
CHE,2026,Medium,9007798.0,UN_WPP
CHE,2030,Medium,9130292.0,UN_WPP
CHE,2035,Medium,9224225.0,UN_WPP
CHE,2040,Medium,9276178.0,UN_WPP
CHE,2045,Medium,9315498.0,UN_WPP
CHE,2050,Medium,9342586.0,UN_WPP
CHE,2051,Medium,9343512.0,UN_WPP
ATG,2026,Medium,94626.0,UN_WPP
ATG,2030,Medium,96000.0,UN_WPP
ATG,2035,Medium,97007.0,UN_WPP
ATG,2040,Medium,97133.0,UN_WPP
ATG,2045,Medium,96419.0,UN_WPP
ATG,2050,Medium,95055.0,UN_WPP
ATG,2051,Medium,94710.0,UN_WPP
BHS,2026,Medium,404628.0,UN_WPP
BHS,2030,Medium,410267.0,UN_WPP
BHS,2035,Medium,415978.0,UN_WPP
BHS,2040,Medium,420346.0,UN_WPP
BHS,2045,Medium,423262.0,UN_WPP
BHS,2050,Medium,424265.0,UN_WPP
BHS,2051,Medium,424211.0,UN_WPP
BRB,2026,Medium,282724.0,UN_WPP
BRB,2030,Medium,282490.0,UN_WPP
BRB,2035,Medium,280342.0,UN_WPP
BRB,2040,Medium,276346.0,UN_WPP
BRB,2045,Medium,270774.0,UN_WPP
BRB,2050,Medium,264216.0,UN_WPP
BRB,2051,Medium,262867.0,UN_WPP
CUB,2026,Medium,10892659.0,UN_WPP
CUB,2030,Medium,10700822.0,UN_WPP
CUB,2035,Medium,10431762.0,UN_WPP
CUB,2040,Medium,10125837.0,UN_WPP
CUB,2045,Medium,9775199.0,UN_WPP
CUB,2050,Medium,9381999.0,UN_WPP
CUB,2051,Medium,9298547.0,UN_WPP
DMA,2026,Medium,65510.99999999999,UN_WPP
DMA,2030,Medium,64169.0,UN_WPP
DMA,2035,Medium,63761.0,UN_WPP
DMA,2040,Medium,63799.0,UN_WPP
DMA,2045,Medium,63629.0,UN_WPP
DMA,2050,Medium,63192.0,UN_WPP
DMA,2051,Medium,63062.0,UN_WPP
DOM,2026,Medium,11609500.0,UN_WPP
DOM,2030,Medium,11938852.0,UN_WPP
DOM,2035,Medium,12289431.0,UN_WPP
DOM,2040,Medium,12579320.0,UN_WPP
DOM,2045,Medium,12816005.0,UN_WPP
DOM,2050,Medium,12996293.0,UN_WPP
DOM,2051,Medium,13025140.0,UN_WPP
GRD,2026,Medium,117362.0,UN_WPP
GRD,2030,Medium,117466.0,UN_WPP
GRD,2035,Medium,117244.0,UN_WPP
GRD,2040,Medium,116493.0,UN_WPP
GRD,2045,Medium,115123.0,UN_WPP
GRD,2050,Medium,113243.0,UN_WPP
GRD,2051,Medium,112801.0,UN_WPP
HTI,2026,Medium,12037506.0,UN_WPP
HTI,2030,Medium,12552359.0,UN_WPP
HTI,2035,Medium,13165000.0,UN_WPP
HTI,2040,Medium,13733853.0,UN_WPP
HTI,2045,Medium,14252967.0,UN_WPP
HTI,2050,Medium,14710862.0,UN_WPP
HTI,2051,Medium,14794290.0,UN_WPP
JAM,2026,Medium,2833403.0,UN_WPP
JAM,2030,Medium,2808954.0,UN_WPP
JAM,2035,Medium,2755934.0,UN_WPP
JAM,2040,Medium,2676100.0,UN_WPP
JAM,2045,Medium,2574081.0,UN_WPP
JAM,2050,Medium,2454940.0,UN_WPP
JAM,2051,Medium,2429919.0,UN_WPP
KNA,2026,Medium,46992.0,UN_WPP
KNA,2030,Medium,47134.0,UN_WPP
KNA,2035,Medium,46928.0,UN_WPP
KNA,2040,Medium,46313.0,UN_WPP
KNA,2045,Medium,45367.0,UN_WPP
KNA,2050,Medium,44249.0,UN_WPP
KNA,2051,Medium,43998.0,UN_WPP
LCA,2026,Medium,180488.0,UN_WPP
LCA,2030,Medium,181359.0,UN_WPP
LCA,2035,Medium,181178.0,UN_WPP
LCA,2040,Medium,179293.0,UN_WPP
LCA,2045,Medium,176236.0,UN_WPP
LCA,2050,Medium,172081.0,UN_WPP
LCA,2051,Medium,171147.0,UN_WPP
VCT,2026,Medium,99245.0,UN_WPP
VCT,2030,Medium,96856.0,UN_WPP
VCT,2035,Medium,94484.0,UN_WPP
VCT,2040,Medium,92650.0,UN_WPP
VCT,2045,Medium,90955.0,UN_WPP
VCT,2050,Medium,88942.0,UN_WPP
VCT,2051,Medium,88495.0,UN_WPP
TTO,2026,Medium,1513268.0,UN_WPP
TTO,2030,Medium,1512322.0,UN_WPP
TTO,2035,Medium,1497855.0,UN_WPP
TTO,2040,Medium,1472944.0,UN_WPP
TTO,2045,Medium,1439585.0,UN_WPP
TTO,2050,Medium,1399800.0,UN_WPP
TTO,2051,Medium,1391195.0,UN_WPP
BLZ,2026,Medium,428644.0,UN_WPP
BLZ,2030,Medium,449839.0,UN_WPP
BLZ,2035,Medium,473132.0,UN_WPP
BLZ,2040,Medium,491595.0,UN_WPP
BLZ,2045,Medium,505700.0,UN_WPP
BLZ,2050,Medium,516627.0,UN_WPP
BLZ,2051,Medium,518386.0,UN_WPP
CRI,2026,Medium,5174789.0,UN_WPP
CRI,2030,Medium,5251497.0,UN_WPP
CRI,2035,Medium,5324699.0,UN_WPP
CRI,2040,Medium,5369806.0,UN_WPP
CRI,2045,Medium,5381019.0,UN_WPP
CRI,2050,Medium,5354150.0,UN_WPP
CRI,2051,Medium,5344062.0,UN_WPP
SLV,2026,Medium,6391253.0,UN_WPP
SLV,2030,Medium,6486207.0,UN_WPP
SLV,2035,Medium,6578181.0,UN_WPP
SLV,2040,Medium,6640752.0,UN_WPP
SLV,2045,Medium,6668025.0,UN_WPP
SLV,2050,Medium,6663346.0,UN_WPP
SLV,2051,Medium,6658584.0,UN_WPP
GTM,2026,Medium,18967978.0,UN_WPP
GTM,2030,Medium,20067253.0,UN_WPP
GTM,2035,Medium,21394237.0,UN_WPP
GTM,2040,Medium,22626870.0,UN_WPP
GTM,2045,Medium,23719089.0,UN_WPP
GTM,2050,Medium,24670857.0,UN_WPP
GTM,2051,Medium,24845333.0,UN_WPP
HND,2026,Medium,11184760.0,UN_WPP
HND,2030,Medium,11885319.0,UN_WPP
HND,2035,Medium,12714114.0,UN_WPP
HND,2040,Medium,13484653.0,UN_WPP
HND,2045,Medium,14197946.0,UN_WPP
HND,2050,Medium,14846779.0,UN_WPP
HND,2051,Medium,14968238.0,UN_WPP
MEX,2026,Medium,132997658.0,UN_WPP
MEX,2030,Medium,136904738.0,UN_WPP
MEX,2035,Medium,141150819.0,UN_WPP
MEX,2040,Medium,144624323.0,UN_WPP
MEX,2045,Medium,147240092.0,UN_WPP
MEX,2050,Medium,148946274.0,UN_WPP
MEX,2051,Medium,149181847.0,UN_WPP
NIC,2026,Medium,7097329.0,UN_WPP
NIC,2030,Medium,7441603.0,UN_WPP
NIC,2035,Medium,7836703.0,UN_WPP
NIC,2040,Medium,8189914.0,UN_WPP
NIC,2045,Medium,8497615.0,UN_WPP
NIC,2050,Medium,8756430.0,UN_WPP
NIC,2051,Medium,8801962.0,UN_WPP
PAN,2026,Medium,4625718.0,UN_WPP
PAN,2030,Medium,4833859.0,UN_WPP
PAN,2035,Medium,5072263.0,UN_WPP
PAN,2040,Medium,5286592.0,UN_WPP
PAN,2045,Medium,5473276.0,UN_WPP
PAN,2050,Medium,5630680.0,UN_WPP
PAN,2051,Medium,5658479.0,UN_WPP
ARG,2026,Medium,46003734.0,UN_WPP
ARG,2030,Medium,46585022.0,UN_WPP
ARG,2035,Medium,47251994.0,UN_WPP
ARG,2040,Medium,47817645.0,UN_WPP
ARG,2045,Medium,48191841.0,UN_WPP
ARG,2050,Medium,48308944.0,UN_WPP
ARG,2051,Medium,48297098.0,UN_WPP
BOL,2026,Medium,12749291.0,UN_WPP
BOL,2030,Medium,13405564.0,UN_WPP
BOL,2035,Medium,14183823.0,UN_WPP
BOL,2040,Medium,14899397.0,UN_WPP
BOL,2045,Medium,15542791.0,UN_WPP
BOL,2050,Medium,16110162.0,UN_WPP
BOL,2051,Medium,16214293.0,UN_WPP
BRA,2026,Medium,213562666.0,UN_WPP
BRA,2030,Medium,216074411.0,UN_WPP
BRA,2035,Medium,218199707.0,UN_WPP
BRA,2040,Medium,219237084.0,UN_WPP
BRA,2045,Medium,219026196.0,UN_WPP
BRA,2050,Medium,217489299.0,UN_WPP
BRA,2051,Medium,217040324.0,UN_WPP
CHL,2026,Medium,19945850.0,UN_WPP
CHL,2030,Medium,20233183.0,UN_WPP
CHL,2035,Medium,20455940.0,UN_WPP
CHL,2040,Medium,20542103.0,UN_WPP
CHL,2045,Medium,20499138.0,UN_WPP
CHL,2050,Medium,20320306.0,UN_WPP
CHL,2051,Medium,20269202.0,UN_WPP
COL,2026,Medium,53936226.0,UN_WPP
COL,2030,Medium,55736475.0,UN_WPP
COL,2035,Medium,57445753.0,UN_WPP
COL,2040,Medium,58576446.0,UN_WPP
COL,2045,Medium,59190823.0,UN_WPP
COL,2050,Medium,59385357.0,UN_WPP
COL,2051,Medium,59382960.0,UN_WPP
ECU,2026,Medium,18444506.0,UN_WPP
ECU,2030,Medium,19069719.0,UN_WPP
ECU,2035,Medium,19800128.0,UN_WPP
ECU,2040,Medium,20434220.0,UN_WPP
ECU,2045,Medium,20950628.0,UN_WPP
ECU,2050,Medium,21337237.0,UN_WPP
ECU,2051,Medium,21398376.0,UN_WPP
GUY,2026,Medium,840890.0,UN_WPP
GUY,2030,Medium,861038.0,UN_WPP
GUY,2035,Medium,885936.0,UN_WPP
GUY,2040,Medium,907506.0,UN_WPP
GUY,2045,Medium,926353.0,UN_WPP
GUY,2050,Medium,940607.0,UN_WPP
GUY,2051,Medium,942745.0,UN_WPP
PRY,2026,Medium,7095279.0,UN_WPP
PRY,2030,Medium,7407618.0,UN_WPP
PRY,2035,Medium,7763520.0,UN_WPP
PRY,2040,Medium,8087572.0,UN_WPP
PRY,2045,Medium,8380530.000000001,UN_WPP
PRY,2050,Medium,8640464.0,UN_WPP
PRY,2051,Medium,8687836.0,UN_WPP
PER,2026,Medium,34922148.0,UN_WPP
PER,2030,Medium,36193880.0,UN_WPP
PER,2035,Medium,37591425.0,UN_WPP
PER,2040,Medium,38794649.0,UN_WPP
PER,2045,Medium,39796724.0,UN_WPP
PER,2050,Medium,40583876.0,UN_WPP
PER,2051,Medium,40716361.0,UN_WPP
SUR,2026,Medium,645256.0,UN_WPP
SUR,2030,Medium,665652.0,UN_WPP
SUR,2035,Medium,688191.0,UN_WPP
SUR,2040,Medium,707160.0,UN_WPP
SUR,2045,Medium,722756.0,UN_WPP
SUR,2050,Medium,733904.0,UN_WPP
SUR,2051,Medium,735702.0,UN_WPP
URY,2026,Medium,3382537.0,UN_WPP
URY,2030,Medium,3372887.0,UN_WPP
URY,2035,Medium,3358282.0,UN_WPP
URY,2040,Medium,3336459.0,UN_WPP
URY,2045,Medium,3302675.0,UN_WPP
URY,2050,Medium,3254354.0,UN_WPP
URY,2051,Medium,3242784.0,UN_WPP
VEN,2026,Medium,28633711.0,UN_WPP
VEN,2030,Medium,29151810.0,UN_WPP
VEN,2035,Medium,29883329.0,UN_WPP
VEN,2040,Medium,30495443.0,UN_WPP
VEN,2045,Medium,30871487.0,UN_WPP
VEN,2050,Medium,31094883.0,UN_WPP
VEN,2051,Medium,31122396.0,UN_WPP
CAN,2026,Medium,40467728.0,UN_WPP
CAN,2030,Medium,41655589.0,UN_WPP
CAN,2035,Medium,42905267.0,UN_WPP
CAN,2040,Medium,43951417.0,UN_WPP
CAN,2045,Medium,44850096.0,UN_WPP
CAN,2050,Medium,45621882.0,UN_WPP
CAN,2051,Medium,45771463.0,UN_WPP
USA,2026,Medium,349035494.0,UN_WPP
USA,2030,Medium,355649881.0,UN_WPP
USA,2035,Medium,363284716.0,UN_WPP
USA,2040,Medium,370209316.0,UN_WPP
USA,2045,Medium,376106472.0,UN_WPP
USA,2050,Medium,380846910.0,UN_WPP
USA,2051,Medium,381708396.0,UN_WPP
AUS,2026,Medium,27227096.0,UN_WPP
AUS,2030,Medium,28188539.0,UN_WPP
AUS,2035,Medium,29296168.0,UN_WPP
AUS,2040,Medium,30357450.0,UN_WPP
AUS,2045,Medium,31431123.0,UN_WPP
AUS,2050,Medium,32506969.0,UN_WPP
AUS,2051,Medium,32716087.0,UN_WPP
NZL,2026,Medium,5287479.0,UN_WPP
NZL,2030,Medium,5407349.0,UN_WPP
NZL,2035,Medium,5520602.0,UN_WPP
NZL,2040,Medium,5617291.0,UN_WPP
NZL,2045,Medium,5700556.0,UN_WPP
NZL,2050,Medium,5755288.0,UN_WPP
NZL,2051,Medium,5766716.0,UN_WPP
FJI,2026,Medium,937282.0,UN_WPP
FJI,2030,Medium,953106.0,UN_WPP
FJI,2035,Medium,969629.0,UN_WPP
FJI,2040,Medium,983858.0,UN_WPP
FJI,2045,Medium,994457.0,UN_WPP
FJI,2050,Medium,1000261.0,UN_WPP
FJI,2051,Medium,1000845.0,UN_WPP
PNG,2026,Medium,10947848.0,UN_WPP
PNG,2030,Medium,11671424.0,UN_WPP
PNG,2035,Medium,12540603.0,UN_WPP
PNG,2040,Medium,13376160.0,UN_WPP
PNG,2045,Medium,14165588.0,UN_WPP
PNG,2050,Medium,14906590.0,UN_WPP
PNG,2051,Medium,15046436.0,UN_WPP
SLB,2026,Medium,858288.0,UN_WPP
SLB,2030,Medium,938348.0,UN_WPP
SLB,2035,Medium,1039657.0,UN_WPP
SLB,2040,Medium,1135455.0,UN_WPP
SLB,2045,Medium,1224199.0,UN_WPP
SLB,2050,Medium,1309110.0,UN_WPP
SLB,2051,Medium,1325603.0,UN_WPP
VUT,2026,Medium,342564.0,UN_WPP
VUT,2030,Medium,372428.0,UN_WPP
VUT,2035,Medium,411063.0,UN_WPP
VUT,2040,Medium,451512.0,UN_WPP
VUT,2045,Medium,492990.0,UN_WPP
VUT,2050,Medium,534388.0,UN_WPP
VUT,2051,Medium,542587.0,UN_WPP
KIR,2026,Medium,138445.0,UN_WPP
KIR,2030,Medium,146126.0,UN_WPP
KIR,2035,Medium,155440.0,UN_WPP
KIR,2040,Medium,164700.0,UN_WPP
KIR,2045,Medium,173813.0,UN_WPP
KIR,2050,Medium,182621.0,UN_WPP
KIR,2051,Medium,184260.0,UN_WPP
MHL,2026,Medium,35075.0,UN_WPP
MHL,2030,Medium,31186.0,UN_WPP
MHL,2035,Medium,28142.0,UN_WPP
MHL,2040,Medium,26597.0,UN_WPP
MHL,2045,Medium,25773.0,UN_WPP
MHL,2050,Medium,25195.0,UN_WPP
MHL,2051,Medium,25088.0,UN_WPP
FSM,2026,Medium,114183.0,UN_WPP
FSM,2030,Medium,116350.0,UN_WPP
FSM,2035,Medium,119143.0,UN_WPP
FSM,2040,Medium,121681.0,UN_WPP
FSM,2045,Medium,124064.0,UN_WPP
FSM,2050,Medium,126408.0,UN_WPP
FSM,2051,Medium,126853.0,UN_WPP
NRU,2026,Medium,12101.0,UN_WPP
NRU,2030,Medium,12521.0,UN_WPP
NRU,2035,Medium,13233.0,UN_WPP
NRU,2040,Medium,14039.0,UN_WPP
NRU,2045,Medium,14928.0,UN_WPP
NRU,2050,Medium,15758.0,UN_WPP
NRU,2051,Medium,15913.0,UN_WPP
PLW,2026,Medium,17614.0,UN_WPP
PLW,2030,Medium,17376.0,UN_WPP
PLW,2035,Medium,17015.0,UN_WPP
PLW,2040,Medium,16602.0,UN_WPP
PLW,2045,Medium,16088.999999999998,UN_WPP
PLW,2050,Medium,15518.0,UN_WPP
PLW,2051,Medium,15403.0,UN_WPP
WSM,2026,Medium,220528.0,UN_WPP
WSM,2030,Medium,225971.0,UN_WPP
WSM,2035,Medium,235179.0,UN_WPP
WSM,2040,Medium,247196.0,UN_WPP
WSM,2045,Medium,260262.0,UN_WPP
WSM,2050,Medium,272726.0,UN_WPP
WSM,2051,Medium,275124.0,UN_WPP
TON,2026,Medium,103291.0,UN_WPP
TON,2030,Medium,102072.0,UN_WPP
TON,2035,Medium,101829.0,UN_WPP
TON,2040,Medium,102565.0,UN_WPP
TON,2045,Medium,103930.0,UN_WPP
TON,2050,Medium,105195.0,UN_WPP
TON,2051,Medium,105416.0,UN_WPP
TUV,2026,Medium,9362.0,UN_WPP
TUV,2030,Medium,9047.0,UN_WPP
TUV,2035,Medium,8980.0,UN_WPP
TUV,2040,Medium,9140.0,UN_WPP
TUV,2045,Medium,9438.0,UN_WPP
TUV,2050,Medium,9781.0,UN_WPP
TUV,2051,Medium,9849.0,UN_WPP
