id,product_id,product,hs_candidate,hs_treatment,customer_segment,unmet_need,value_proposition,price_pack,channel,promotion_service,entry_mode,corridor,counterfactual,competitor_response,incremental_cash,primary_metric,sustainability,owner,timing,stop_rule,evidence_cost,cost_status,data_needed,source_ids,assumption_ids,status
BRA-soybeans,soybeans,Soybeans,120190,HS 2022 soybeans other than seed; verify GMO/traceability eligibility,"Crushers, feed processors and import buyers","Protein/oil yield, traceability and shipment continuity",Qualified supplier lot with crush and quality evidence,Delivered price per usable output; reconcile by-product value,"Approved suppliers, cooperatives and independent offtakers",Traceability and usable-output proof; no assumed green premium,trade,Brazil grain/oilseed origins to Asia/Africa,"Continue existing service/eligible trade without the incremental intervention, in the same scenario","Measure delivered rival price, specification, credit and service; allow matched-price/credit response. No shares or rival costs available.",Net paid orders × delivered unit contribution − service/promotion − cannibalisation − cash funding; cap deliveries at verified supply,Incremental paid contribution net of service/cannibalisation; measured usable output and repeat after promotion,"Verify actual supplier/basin/asset, rights and product standards before any claim or route commitment",Country BRA category lead; Finance owns contribution; Treasury cash; Legal eligibility,Days 1–30 diagnose/design; 31–60 controlled test; 61–90 cash/transfer review,"Stop for negative approved contribution bound, unfunded monthly liquidity, failed rights/access/quality or no paid repeat; numeric limits require Finance approval",,Obtain vendor/fieldwork quote and opportunity-cost estimate before commissioning; not zero,"Customer-linked prices, paid orders, usable yield, returns, full route costs, credit, monthly inventory, assets/permits and competitor observations","[""UN_M49"", ""UN_WPP"", ""UN_MEMBERS"", ""WB_population"", ""WB_income_ppp"", ""WB_urban"", ""WB_inflation"", ""WB_food_index"", ""WB_food_import_share"", ""WB_food_export_share"", ""WB_imports_usd"", ""WB_exports_usd"", ""WB_cereal_yield"", ""WB_water_stress"", ""CO_FACT"", ""CO_BRA"", ""WB_fertility"", ""WB_life_expectancy"", ""WB_age_under15"", ""WB_age_over65"", ""WB_dependency_ratio"", ""WB_net_migration"", ""WB_real_gdp"", ""WB_gdp_growth"", ""WB_real_income"", ""WB_agriculture_gdp"", ""WB_poverty"", ""WB_gini"", ""WB_unemployment"", ""WB_private_credit"", ""WB_lending_rate"", ""WB_real_interest"", ""WB_government_debt"", ""WB_electricity_access"", ""WB_irrigated_land"", ""WB_cereal_area"", ""WB_undernourishment"", ""WB_agriculture_employment"", ""WB_water_withdrawal""]","[""A_PILOT"", ""A_TEMPLATE""]",Threshold-only commercial hypothesis; neither feasible entry nor investment return validated
BRA-maize,maize,Maize,100590,HS 2022 maize other than seed; destination/feed eligibility required,Feed mills and industrial grain buyers,"Quality, usable dry matter and dependable delivery",Specification-based origination and shipment contract,Delivered USD per usable dry-matter tonne; adjust quality losses,"Qualified cooperatives, elevators and bankable B2B buyers","Technical specification and independent inspection, not consumer advertising",trade,Brazil grain/oilseed origins to Asia/Africa,"Continue existing service/eligible trade without the incremental intervention, in the same scenario","Measure delivered rival price, specification, credit and service; allow matched-price/credit response. No shares or rival costs available.",Net paid orders × delivered unit contribution − service/promotion − cannibalisation − cash funding; cap deliveries at verified supply,Incremental paid contribution net of service/cannibalisation; measured usable output and repeat after promotion,"Verify actual supplier/basin/asset, rights and product standards before any claim or route commitment",Country BRA category lead; Finance owns contribution; Treasury cash; Legal eligibility,Days 1–30 diagnose/design; 31–60 controlled test; 61–90 cash/transfer review,"Stop for negative approved contribution bound, unfunded monthly liquidity, failed rights/access/quality or no paid repeat; numeric limits require Finance approval",,Obtain vendor/fieldwork quote and opportunity-cost estimate before commissioning; not zero,"Customer-linked prices, paid orders, usable yield, returns, full route costs, credit, monthly inventory, assets/permits and competitor observations","[""UN_M49"", ""UN_WPP"", ""UN_MEMBERS"", ""WB_population"", ""WB_income_ppp"", ""WB_urban"", ""WB_inflation"", ""WB_food_index"", ""WB_food_import_share"", ""WB_food_export_share"", ""WB_imports_usd"", ""WB_exports_usd"", ""WB_cereal_yield"", ""WB_water_stress"", ""CO_FACT"", ""CO_BRA"", ""WB_fertility"", ""WB_life_expectancy"", ""WB_age_under15"", ""WB_age_over65"", ""WB_dependency_ratio"", ""WB_net_migration"", ""WB_real_gdp"", ""WB_gdp_growth"", ""WB_real_income"", ""WB_agriculture_gdp"", ""WB_poverty"", ""WB_gini"", ""WB_unemployment"", ""WB_private_credit"", ""WB_lending_rate"", ""WB_real_interest"", ""WB_government_debt"", ""WB_electricity_access"", ""WB_irrigated_land"", ""WB_cereal_area"", ""WB_undernourishment"", ""WB_agriculture_employment"", ""WB_water_withdrawal""]","[""A_PILOT"", ""A_TEMPLATE""]",Threshold-only commercial hypothesis; neither feasible entry nor investment return validated
BRA-wheat,wheat,Wheat,100199,HS 2022 wheat other than durum/seed; durum uses 100119,Commercial millers and eligible food-security offtakers,"Specification, continuity and funded landed spread",Commercial offtake with origin and vessel alternatives,"Quality-adjusted delivered price, credit, collateral and freight","Approved origins, importers and competitively contracted buyers",Service agreement and performance clauses; ownership is not an order,trade,Brazil grain/oilseed origins to Asia/Africa,"Continue existing service/eligible trade without the incremental intervention, in the same scenario","Measure delivered rival price, specification, credit and service; allow matched-price/credit response. No shares or rival costs available.",Net paid orders × delivered unit contribution − service/promotion − cannibalisation − cash funding; cap deliveries at verified supply,Incremental paid contribution net of service/cannibalisation; measured usable output and repeat after promotion,"Verify actual supplier/basin/asset, rights and product standards before any claim or route commitment",Country BRA category lead; Finance owns contribution; Treasury cash; Legal eligibility,Days 1–30 diagnose/design; 31–60 controlled test; 61–90 cash/transfer review,"Stop for negative approved contribution bound, unfunded monthly liquidity, failed rights/access/quality or no paid repeat; numeric limits require Finance approval",,Obtain vendor/fieldwork quote and opportunity-cost estimate before commissioning; not zero,"Customer-linked prices, paid orders, usable yield, returns, full route costs, credit, monthly inventory, assets/permits and competitor observations","[""UN_M49"", ""UN_WPP"", ""UN_MEMBERS"", ""WB_population"", ""WB_income_ppp"", ""WB_urban"", ""WB_inflation"", ""WB_food_index"", ""WB_food_import_share"", ""WB_food_export_share"", ""WB_imports_usd"", ""WB_exports_usd"", ""WB_cereal_yield"", ""WB_water_stress"", ""CO_FACT"", ""CO_BRA"", ""WB_fertility"", ""WB_life_expectancy"", ""WB_age_under15"", ""WB_age_over65"", ""WB_dependency_ratio"", ""WB_net_migration"", ""WB_real_gdp"", ""WB_gdp_growth"", ""WB_real_income"", ""WB_agriculture_gdp"", ""WB_poverty"", ""WB_gini"", ""WB_unemployment"", ""WB_private_credit"", ""WB_lending_rate"", ""WB_real_interest"", ""WB_government_debt"", ""WB_electricity_access"", ""WB_irrigated_land"", ""WB_cereal_area"", ""WB_undernourishment"", ""WB_agriculture_employment"", ""WB_water_withdrawal""]","[""A_PILOT"", ""A_TEMPLATE""]",Threshold-only commercial hypothesis; neither feasible entry nor investment return validated
CMR-wheat_flour,wheat_flour,Wheat flour,110100,HS 2022 wheat/meslin flour; local tariff subline required,Bakers and wholesale flour customers,Saleable loaves per delivered flour bag,Technical baking service with measured output and returns,"Contract per bag linked to measured usable output, freight and credit",Baker clusters and distributor service routes,"Bake trials, operator instruction and paid repeat after support",partner,Import corridor to Cameroon distribution,"Continue existing service/eligible trade without the incremental intervention, in the same scenario","Measure delivered rival price, specification, credit and service; allow matched-price/credit response. No shares or rival costs available.",Net paid orders × delivered unit contribution − service/promotion − cannibalisation − cash funding; cap deliveries at verified supply,Incremental paid contribution net of service/cannibalisation; measured usable output and repeat after promotion,"Verify actual supplier/basin/asset, rights and product standards before any claim or route commitment",Country CMR category lead; Finance owns contribution; Treasury cash; Legal eligibility,Days 1–30 diagnose/design; 31–60 controlled test; 61–90 cash/transfer review,"Stop for negative approved contribution bound, unfunded monthly liquidity, failed rights/access/quality or no paid repeat; numeric limits require Finance approval",,Obtain vendor/fieldwork quote and opportunity-cost estimate before commissioning; not zero,"Customer-linked prices, paid orders, usable yield, returns, full route costs, credit, monthly inventory, assets/permits and competitor observations","[""UN_M49"", ""UN_WPP"", ""UN_MEMBERS"", ""WB_population"", ""WB_income_ppp"", ""WB_urban"", ""WB_inflation"", ""WB_food_index"", ""WB_food_import_share"", ""WB_food_export_share"", ""WB_imports_usd"", ""WB_exports_usd"", ""WB_cereal_yield"", ""WB_water_stress"", ""CO_FACT"", ""CO_CMR"", ""WB_fertility"", ""WB_life_expectancy"", ""WB_age_under15"", ""WB_age_over65"", ""WB_dependency_ratio"", ""WB_net_migration"", ""WB_real_gdp"", ""WB_gdp_growth"", ""WB_real_income"", ""WB_agriculture_gdp"", ""WB_poverty"", ""WB_gini"", ""WB_unemployment"", ""WB_private_credit"", ""WB_electricity_access"", ""WB_cereal_area"", ""WB_undernourishment"", ""WB_agriculture_employment"", ""WB_water_withdrawal""]","[""A_PILOT"", ""A_TEMPLATE""]",Threshold-only commercial hypothesis; neither feasible entry nor investment return validated
CMR-rice,rice,Rice,100630,HS 2022 semi/wholly milled rice; verify grade and treatment,"Households, food-service, importers and distributors","Consistent cooking yield, cash access and availability",Grade-specific contracted lot and cooked-output comparison,Delivered price per saleable tonne and per prepared meal,"Licensed importers, wholesalers and eligible retail routes","Blind grade/quality test, shipment reliability and paid reorder",partner,Import corridor to Cameroon distribution,"Continue existing service/eligible trade without the incremental intervention, in the same scenario","Measure delivered rival price, specification, credit and service; allow matched-price/credit response. No shares or rival costs available.",Net paid orders × delivered unit contribution − service/promotion − cannibalisation − cash funding; cap deliveries at verified supply,Incremental paid contribution net of service/cannibalisation; measured usable output and repeat after promotion,"Verify actual supplier/basin/asset, rights and product standards before any claim or route commitment",Country CMR category lead; Finance owns contribution; Treasury cash; Legal eligibility,Days 1–30 diagnose/design; 31–60 controlled test; 61–90 cash/transfer review,"Stop for negative approved contribution bound, unfunded monthly liquidity, failed rights/access/quality or no paid repeat; numeric limits require Finance approval",,Obtain vendor/fieldwork quote and opportunity-cost estimate before commissioning; not zero,"Customer-linked prices, paid orders, usable yield, returns, full route costs, credit, monthly inventory, assets/permits and competitor observations","[""UN_M49"", ""UN_WPP"", ""UN_MEMBERS"", ""WB_population"", ""WB_income_ppp"", ""WB_urban"", ""WB_inflation"", ""WB_food_index"", ""WB_food_import_share"", ""WB_food_export_share"", ""WB_imports_usd"", ""WB_exports_usd"", ""WB_cereal_yield"", ""WB_water_stress"", ""CO_FACT"", ""CO_CMR"", ""WB_fertility"", ""WB_life_expectancy"", ""WB_age_under15"", ""WB_age_over65"", ""WB_dependency_ratio"", ""WB_net_migration"", ""WB_real_gdp"", ""WB_gdp_growth"", ""WB_real_income"", ""WB_agriculture_gdp"", ""WB_poverty"", ""WB_gini"", ""WB_unemployment"", ""WB_private_credit"", ""WB_electricity_access"", ""WB_cereal_area"", ""WB_undernourishment"", ""WB_agriculture_employment"", ""WB_water_withdrawal""]","[""A_PILOT"", ""A_TEMPLATE""]",Threshold-only commercial hypothesis; neither feasible entry nor investment return validated
GHA-wheat_flour,wheat_flour,Wheat flour,110100,HS 2022 wheat/meslin flour; local tariff subline required,Bakers and wholesale flour customers,Saleable loaves per delivered flour bag,Technical baking service with measured output and returns,"Contract per bag linked to measured usable output, freight and credit",Baker clusters and distributor service routes,"Bake trials, operator instruction and paid repeat after support",partner,Wheat imports to Ghana milling and customers,"Continue existing service/eligible trade without the incremental intervention, in the same scenario","Measure delivered rival price, specification, credit and service; allow matched-price/credit response. No shares or rival costs available.",Net paid orders × delivered unit contribution − service/promotion − cannibalisation − cash funding; cap deliveries at verified supply,Incremental paid contribution net of service/cannibalisation; measured usable output and repeat after promotion,"Verify actual supplier/basin/asset, rights and product standards before any claim or route commitment",Country GHA category lead; Finance owns contribution; Treasury cash; Legal eligibility,Days 1–30 diagnose/design; 31–60 controlled test; 61–90 cash/transfer review,"Stop for negative approved contribution bound, unfunded monthly liquidity, failed rights/access/quality or no paid repeat; numeric limits require Finance approval",,Obtain vendor/fieldwork quote and opportunity-cost estimate before commissioning; not zero,"Customer-linked prices, paid orders, usable yield, returns, full route costs, credit, monthly inventory, assets/permits and competitor observations","[""UN_M49"", ""UN_WPP"", ""UN_MEMBERS"", ""WB_population"", ""WB_income_ppp"", ""WB_urban"", ""WB_inflation"", ""WB_food_index"", ""WB_food_import_share"", ""WB_food_export_share"", ""WB_imports_usd"", ""WB_exports_usd"", ""WB_cereal_yield"", ""WB_water_stress"", ""CO_FACT"", ""CO_GHA"", ""WB_fertility"", ""WB_life_expectancy"", ""WB_age_under15"", ""WB_age_over65"", ""WB_dependency_ratio"", ""WB_net_migration"", ""WB_real_gdp"", ""WB_gdp_growth"", ""WB_real_income"", ""WB_agriculture_gdp"", ""WB_poverty"", ""WB_gini"", ""WB_unemployment"", ""WB_private_credit"", ""WB_electricity_access"", ""WB_irrigated_land"", ""WB_cereal_area"", ""WB_undernourishment"", ""WB_agriculture_employment"", ""WB_water_withdrawal""]","[""A_PILOT"", ""A_TEMPLATE""]",Threshold-only commercial hypothesis; neither feasible entry nor investment return validated
GHA-pasta,pasta,Pasta,190219,HS 2022 candidate uncooked pasta excluding egg; formulation changes code,"Households, caterers and food distributors","Affordable meal, cooking reliability and distribution",Taste/cooking-time trial against locally used substitutes,Price per prepared serving plus fuel/time; chosen pack must be tested,Wholesale/retail clusters and food-service customer panels,Local preparation demonstrations with a no-promotion repeat period,partner,Wheat imports to Ghana milling and customers,"Continue existing service/eligible trade without the incremental intervention, in the same scenario","Measure delivered rival price, specification, credit and service; allow matched-price/credit response. No shares or rival costs available.",Net paid orders × delivered unit contribution − service/promotion − cannibalisation − cash funding; cap deliveries at verified supply,Incremental paid contribution net of service/cannibalisation; measured usable output and repeat after promotion,"Verify actual supplier/basin/asset, rights and product standards before any claim or route commitment",Country GHA category lead; Finance owns contribution; Treasury cash; Legal eligibility,Days 1–30 diagnose/design; 31–60 controlled test; 61–90 cash/transfer review,"Stop for negative approved contribution bound, unfunded monthly liquidity, failed rights/access/quality or no paid repeat; numeric limits require Finance approval",,Obtain vendor/fieldwork quote and opportunity-cost estimate before commissioning; not zero,"Customer-linked prices, paid orders, usable yield, returns, full route costs, credit, monthly inventory, assets/permits and competitor observations","[""UN_M49"", ""UN_WPP"", ""UN_MEMBERS"", ""WB_population"", ""WB_income_ppp"", ""WB_urban"", ""WB_inflation"", ""WB_food_index"", ""WB_food_import_share"", ""WB_food_export_share"", ""WB_imports_usd"", ""WB_exports_usd"", ""WB_cereal_yield"", ""WB_water_stress"", ""CO_FACT"", ""CO_GHA"", ""WB_fertility"", ""WB_life_expectancy"", ""WB_age_under15"", ""WB_age_over65"", ""WB_dependency_ratio"", ""WB_net_migration"", ""WB_real_gdp"", ""WB_gdp_growth"", ""WB_real_income"", ""WB_agriculture_gdp"", ""WB_poverty"", ""WB_gini"", ""WB_unemployment"", ""WB_private_credit"", ""WB_electricity_access"", ""WB_irrigated_land"", ""WB_cereal_area"", ""WB_undernourishment"", ""WB_agriculture_employment"", ""WB_water_withdrawal""]","[""A_PILOT"", ""A_TEMPLATE""]",Threshold-only commercial hypothesis; neither feasible entry nor investment return validated
IND-rice,rice,Rice,100630,HS 2022 semi/wholly milled rice; verify grade and treatment,"Households, food-service, importers and distributors","Consistent cooking yield, cash access and availability",Grade-specific contracted lot and cooked-output comparison,Delivered price per saleable tonne and per prepared meal,"Licensed importers, wholesalers and eligible retail routes","Blind grade/quality test, shipment reliability and paid reorder",trade,India rice to African destinations,"Continue existing service/eligible trade without the incremental intervention, in the same scenario","Measure delivered rival price, specification, credit and service; allow matched-price/credit response. No shares or rival costs available.",Net paid orders × delivered unit contribution − service/promotion − cannibalisation − cash funding; cap deliveries at verified supply,Incremental paid contribution net of service/cannibalisation; measured usable output and repeat after promotion,"Verify actual supplier/basin/asset, rights and product standards before any claim or route commitment",Country IND category lead; Finance owns contribution; Treasury cash; Legal eligibility,Days 1–30 diagnose/design; 31–60 controlled test; 61–90 cash/transfer review,"Stop for negative approved contribution bound, unfunded monthly liquidity, failed rights/access/quality or no paid repeat; numeric limits require Finance approval",,Obtain vendor/fieldwork quote and opportunity-cost estimate before commissioning; not zero,"Customer-linked prices, paid orders, usable yield, returns, full route costs, credit, monthly inventory, assets/permits and competitor observations","[""UN_M49"", ""UN_WPP"", ""UN_MEMBERS"", ""WB_population"", ""WB_income_ppp"", ""WB_urban"", ""WB_inflation"", ""WB_food_index"", ""WB_food_import_share"", ""WB_food_export_share"", ""WB_imports_usd"", ""WB_exports_usd"", ""WB_cereal_yield"", ""WB_water_stress"", ""CO_FACT"", ""CO_IND"", ""WB_fertility"", ""WB_life_expectancy"", ""WB_age_under15"", ""WB_age_over65"", ""WB_dependency_ratio"", ""WB_net_migration"", ""WB_real_gdp"", ""WB_gdp_growth"", ""WB_real_income"", ""WB_agriculture_gdp"", ""WB_poverty"", ""WB_gini"", ""WB_unemployment"", ""WB_private_credit"", ""WB_lending_rate"", ""WB_real_interest"", ""WB_government_debt"", ""WB_electricity_access"", ""WB_irrigated_land"", ""WB_cereal_area"", ""WB_undernourishment"", ""WB_agriculture_employment"", ""WB_water_withdrawal""]","[""A_PILOT"", ""A_TEMPLATE""]",Threshold-only commercial hypothesis; neither feasible entry nor investment return validated
MOZ-rice,rice,Rice,100630,HS 2022 semi/wholly milled rice; verify grade and treatment,"Households, food-service, importers and distributors","Consistent cooking yield, cash access and availability",Grade-specific contracted lot and cooked-output comparison,Delivered price per saleable tonne and per prepared meal,"Licensed importers, wholesalers and eligible retail routes","Blind grade/quality test, shipment reliability and paid reorder",partner,Rice/oil origins to Mozambique routes,"Continue existing service/eligible trade without the incremental intervention, in the same scenario","Measure delivered rival price, specification, credit and service; allow matched-price/credit response. No shares or rival costs available.",Net paid orders × delivered unit contribution − service/promotion − cannibalisation − cash funding; cap deliveries at verified supply,Incremental paid contribution net of service/cannibalisation; measured usable output and repeat after promotion,"Verify actual supplier/basin/asset, rights and product standards before any claim or route commitment",Country MOZ category lead; Finance owns contribution; Treasury cash; Legal eligibility,Days 1–30 diagnose/design; 31–60 controlled test; 61–90 cash/transfer review,"Stop for negative approved contribution bound, unfunded monthly liquidity, failed rights/access/quality or no paid repeat; numeric limits require Finance approval",,Obtain vendor/fieldwork quote and opportunity-cost estimate before commissioning; not zero,"Customer-linked prices, paid orders, usable yield, returns, full route costs, credit, monthly inventory, assets/permits and competitor observations","[""UN_M49"", ""UN_WPP"", ""UN_MEMBERS"", ""WB_population"", ""WB_income_ppp"", ""WB_urban"", ""WB_inflation"", ""WB_food_index"", ""WB_food_import_share"", ""WB_food_export_share"", ""WB_imports_usd"", ""WB_exports_usd"", ""WB_cereal_yield"", ""WB_water_stress"", ""CO_FACT"", ""CO_MOZ"", ""WB_fertility"", ""WB_life_expectancy"", ""WB_age_under15"", ""WB_age_over65"", ""WB_dependency_ratio"", ""WB_net_migration"", ""WB_real_gdp"", ""WB_gdp_growth"", ""WB_real_income"", ""WB_agriculture_gdp"", ""WB_poverty"", ""WB_gini"", ""WB_unemployment"", ""WB_private_credit"", ""WB_lending_rate"", ""WB_real_interest"", ""WB_government_debt"", ""WB_electricity_access"", ""WB_irrigated_land"", ""WB_cereal_area"", ""WB_undernourishment"", ""WB_agriculture_employment"", ""WB_water_withdrawal""]","[""A_PILOT"", ""A_TEMPLATE""]",Threshold-only commercial hypothesis; neither feasible entry nor investment return validated
MOZ-edible_oil,edible_oil,Edible oil,151190,HS 2022 candidate refined palm-oil line; actual composition determines code,"Households, food-service and oil distributors","Cost per cooking use, trusted quality and availability",Affordable verified pack and reliable replenishment,Net price per litre and per measured cooking use; safety/specification gate,"Qualified distributors, independent retail and food-service cohorts",Replenishment and verified quality; no unproven health claim,partner,Rice/oil origins to Mozambique routes,"Continue existing service/eligible trade without the incremental intervention, in the same scenario","Measure delivered rival price, specification, credit and service; allow matched-price/credit response. No shares or rival costs available.",Net paid orders × delivered unit contribution − service/promotion − cannibalisation − cash funding; cap deliveries at verified supply,Incremental paid contribution net of service/cannibalisation; measured usable output and repeat after promotion,"Verify actual supplier/basin/asset, rights and product standards before any claim or route commitment",Country MOZ category lead; Finance owns contribution; Treasury cash; Legal eligibility,Days 1–30 diagnose/design; 31–60 controlled test; 61–90 cash/transfer review,"Stop for negative approved contribution bound, unfunded monthly liquidity, failed rights/access/quality or no paid repeat; numeric limits require Finance approval",,Obtain vendor/fieldwork quote and opportunity-cost estimate before commissioning; not zero,"Customer-linked prices, paid orders, usable yield, returns, full route costs, credit, monthly inventory, assets/permits and competitor observations","[""UN_M49"", ""UN_WPP"", ""UN_MEMBERS"", ""WB_population"", ""WB_income_ppp"", ""WB_urban"", ""WB_inflation"", ""WB_food_index"", ""WB_food_import_share"", ""WB_food_export_share"", ""WB_imports_usd"", ""WB_exports_usd"", ""WB_cereal_yield"", ""WB_water_stress"", ""CO_FACT"", ""CO_MOZ"", ""WB_fertility"", ""WB_life_expectancy"", ""WB_age_under15"", ""WB_age_over65"", ""WB_dependency_ratio"", ""WB_net_migration"", ""WB_real_gdp"", ""WB_gdp_growth"", ""WB_real_income"", ""WB_agriculture_gdp"", ""WB_poverty"", ""WB_gini"", ""WB_unemployment"", ""WB_private_credit"", ""WB_lending_rate"", ""WB_real_interest"", ""WB_government_debt"", ""WB_electricity_access"", ""WB_irrigated_land"", ""WB_cereal_area"", ""WB_undernourishment"", ""WB_agriculture_employment"", ""WB_water_withdrawal""]","[""A_PILOT"", ""A_TEMPLATE""]",Threshold-only commercial hypothesis; neither feasible entry nor investment return validated
NGA-semolina,semolina,Semolina,110311,"HS 2022 six-digit; wheat groats/meal, verify local semolina subline",Households; wholesale and retail distributors,Cost per cooked serving and paid repeat,Cash ticket and meal yield; pilot separate from oils,Pack weight × net shelf price; compare total cooked-meal cost,Distributors and matched retail routes; avoid stock loading,Supplier-funded trial only with incremental paid repeat and contribution,partner,Imported wheat/crude oil to Nigerian routes,"Continue existing service/eligible trade without the incremental intervention, in the same scenario","Measure delivered rival price, specification, credit and service; allow matched-price/credit response. No shares or rival costs available.",Net paid orders × delivered unit contribution − service/promotion − cannibalisation − cash funding; cap deliveries at verified supply,Incremental paid contribution net of service/cannibalisation; measured usable output and repeat after promotion,"Verify actual supplier/basin/asset, rights and product standards before any claim or route commitment",Country NGA category lead; Finance owns contribution; Treasury cash; Legal eligibility,Days 1–30 diagnose/design; 31–60 controlled test; 61–90 cash/transfer review,"Stop for negative approved contribution bound, unfunded monthly liquidity, failed rights/access/quality or no paid repeat; numeric limits require Finance approval",,Obtain vendor/fieldwork quote and opportunity-cost estimate before commissioning; not zero,"Customer-linked prices, paid orders, usable yield, returns, full route costs, credit, monthly inventory, assets/permits and competitor observations","[""UN_M49"", ""UN_WPP"", ""UN_MEMBERS"", ""WB_population"", ""WB_income_ppp"", ""WB_urban"", ""WB_inflation"", ""WB_food_index"", ""WB_food_import_share"", ""WB_food_export_share"", ""WB_imports_usd"", ""WB_exports_usd"", ""WB_cereal_yield"", ""WB_water_stress"", ""CO_FACT"", ""CO_NGA"", ""WB_fertility"", ""WB_life_expectancy"", ""WB_age_under15"", ""WB_age_over65"", ""WB_dependency_ratio"", ""WB_net_migration"", ""WB_real_gdp"", ""WB_gdp_growth"", ""WB_real_income"", ""WB_agriculture_gdp"", ""WB_poverty"", ""WB_gini"", ""WB_unemployment"", ""WB_private_credit"", ""WB_lending_rate"", ""WB_real_interest"", ""WB_electricity_access"", ""WB_irrigated_land"", ""WB_cereal_area"", ""WB_undernourishment"", ""WB_agriculture_employment"", ""WB_water_withdrawal""]","[""A_PILOT"", ""A_TEMPLATE""]",Threshold-only commercial hypothesis; neither feasible entry nor investment return validated
NGA-edible_oil,edible_oil,Edible oil,151190,HS 2022 candidate refined palm-oil line; actual composition determines code,"Households, food-service and oil distributors","Cost per cooking use, trusted quality and availability",Affordable verified pack and reliable replenishment,Net price per litre and per measured cooking use; safety/specification gate,"Qualified distributors, independent retail and food-service cohorts",Replenishment and verified quality; no unproven health claim,partner,Imported wheat/crude oil to Nigerian routes,"Continue existing service/eligible trade without the incremental intervention, in the same scenario","Measure delivered rival price, specification, credit and service; allow matched-price/credit response. No shares or rival costs available.",Net paid orders × delivered unit contribution − service/promotion − cannibalisation − cash funding; cap deliveries at verified supply,Incremental paid contribution net of service/cannibalisation; measured usable output and repeat after promotion,"Verify actual supplier/basin/asset, rights and product standards before any claim or route commitment",Country NGA category lead; Finance owns contribution; Treasury cash; Legal eligibility,Days 1–30 diagnose/design; 31–60 controlled test; 61–90 cash/transfer review,"Stop for negative approved contribution bound, unfunded monthly liquidity, failed rights/access/quality or no paid repeat; numeric limits require Finance approval",,Obtain vendor/fieldwork quote and opportunity-cost estimate before commissioning; not zero,"Customer-linked prices, paid orders, usable yield, returns, full route costs, credit, monthly inventory, assets/permits and competitor observations","[""UN_M49"", ""UN_WPP"", ""UN_MEMBERS"", ""WB_population"", ""WB_income_ppp"", ""WB_urban"", ""WB_inflation"", ""WB_food_index"", ""WB_food_import_share"", ""WB_food_export_share"", ""WB_imports_usd"", ""WB_exports_usd"", ""WB_cereal_yield"", ""WB_water_stress"", ""CO_FACT"", ""CO_NGA"", ""WB_fertility"", ""WB_life_expectancy"", ""WB_age_under15"", ""WB_age_over65"", ""WB_dependency_ratio"", ""WB_net_migration"", ""WB_real_gdp"", ""WB_gdp_growth"", ""WB_real_income"", ""WB_agriculture_gdp"", ""WB_poverty"", ""WB_gini"", ""WB_unemployment"", ""WB_private_credit"", ""WB_lending_rate"", ""WB_real_interest"", ""WB_electricity_access"", ""WB_irrigated_land"", ""WB_cereal_area"", ""WB_undernourishment"", ""WB_agriculture_employment"", ""WB_water_withdrawal""]","[""A_PILOT"", ""A_TEMPLATE""]",Threshold-only commercial hypothesis; neither feasible entry nor investment return validated
SAU-wheat,wheat,Wheat,100199,HS 2022 wheat other than durum/seed; durum uses 100119,Commercial millers and eligible food-security offtakers,"Specification, continuity and funded landed spread",Commercial offtake with origin and vessel alternatives,"Quality-adjusted delivered price, credit, collateral and freight","Approved origins, importers and competitively contracted buyers",Service agreement and performance clauses; ownership is not an order,trade,Multiple eligible origins to Saudi import contracts,"Continue existing service/eligible trade without the incremental intervention, in the same scenario","Measure delivered rival price, specification, credit and service; allow matched-price/credit response. No shares or rival costs available.",Net paid orders × delivered unit contribution − service/promotion − cannibalisation − cash funding; cap deliveries at verified supply,Incremental paid contribution net of service/cannibalisation; measured usable output and repeat after promotion,"Verify actual supplier/basin/asset, rights and product standards before any claim or route commitment",Country SAU category lead; Finance owns contribution; Treasury cash; Legal eligibility,Days 1–30 diagnose/design; 31–60 controlled test; 61–90 cash/transfer review,"Stop for negative approved contribution bound, unfunded monthly liquidity, failed rights/access/quality or no paid repeat; numeric limits require Finance approval",,Obtain vendor/fieldwork quote and opportunity-cost estimate before commissioning; not zero,"Customer-linked prices, paid orders, usable yield, returns, full route costs, credit, monthly inventory, assets/permits and competitor observations","[""UN_M49"", ""UN_WPP"", ""UN_MEMBERS"", ""WB_population"", ""WB_income_ppp"", ""WB_urban"", ""WB_inflation"", ""WB_food_index"", ""WB_food_import_share"", ""WB_food_export_share"", ""WB_imports_usd"", ""WB_exports_usd"", ""WB_cereal_yield"", ""WB_water_stress"", ""CO_FACT"", ""WB_fertility"", ""WB_life_expectancy"", ""WB_age_under15"", ""WB_age_over65"", ""WB_dependency_ratio"", ""WB_net_migration"", ""WB_real_gdp"", ""WB_gdp_growth"", ""WB_real_income"", ""WB_agriculture_gdp"", ""WB_unemployment"", ""WB_private_credit"", ""WB_electricity_access"", ""WB_irrigated_land"", ""WB_cereal_area"", ""WB_undernourishment"", ""WB_agriculture_employment"", ""WB_water_withdrawal""]","[""A_PILOT"", ""A_TEMPLATE""]",Threshold-only commercial hypothesis; neither feasible entry nor investment return validated
SEN-wheat_flour,wheat_flour,Wheat flour,110100,HS 2022 wheat/meslin flour; local tariff subline required,Bakers and wholesale flour customers,Saleable loaves per delivered flour bag,Technical baking service with measured output and returns,"Contract per bag linked to measured usable output, freight and credit",Baker clusters and distributor service routes,"Bake trials, operator instruction and paid repeat after support",partner,Wheat/feed inputs to Senegal processing,"Continue existing service/eligible trade without the incremental intervention, in the same scenario","Measure delivered rival price, specification, credit and service; allow matched-price/credit response. No shares or rival costs available.",Net paid orders × delivered unit contribution − service/promotion − cannibalisation − cash funding; cap deliveries at verified supply,Incremental paid contribution net of service/cannibalisation; measured usable output and repeat after promotion,"Verify actual supplier/basin/asset, rights and product standards before any claim or route commitment",Country SEN category lead; Finance owns contribution; Treasury cash; Legal eligibility,Days 1–30 diagnose/design; 31–60 controlled test; 61–90 cash/transfer review,"Stop for negative approved contribution bound, unfunded monthly liquidity, failed rights/access/quality or no paid repeat; numeric limits require Finance approval",,Obtain vendor/fieldwork quote and opportunity-cost estimate before commissioning; not zero,"Customer-linked prices, paid orders, usable yield, returns, full route costs, credit, monthly inventory, assets/permits and competitor observations","[""UN_M49"", ""UN_WPP"", ""UN_MEMBERS"", ""WB_population"", ""WB_income_ppp"", ""WB_urban"", ""WB_inflation"", ""WB_food_index"", ""WB_food_import_share"", ""WB_food_export_share"", ""WB_imports_usd"", ""WB_exports_usd"", ""WB_cereal_yield"", ""WB_water_stress"", ""CO_FACT"", ""CO_SEN"", ""WB_fertility"", ""WB_life_expectancy"", ""WB_age_under15"", ""WB_age_over65"", ""WB_dependency_ratio"", ""WB_net_migration"", ""WB_real_gdp"", ""WB_gdp_growth"", ""WB_real_income"", ""WB_agriculture_gdp"", ""WB_poverty"", ""WB_gini"", ""WB_unemployment"", ""WB_private_credit"", ""WB_lending_rate"", ""WB_real_interest"", ""WB_electricity_access"", ""WB_irrigated_land"", ""WB_cereal_area"", ""WB_undernourishment"", ""WB_agriculture_employment"", ""WB_water_withdrawal""]","[""A_PILOT"", ""A_TEMPLATE""]",Threshold-only commercial hypothesis; neither feasible entry nor investment return validated
SEN-feed,feed,Animal feed,230990,HS 2022 other animal feed; species/formulation-specific local code required,Livestock and poultry producers,Measured animal output per total feed and health cost,Nutrition/service trial with species-specific performance,Delivered feed cost per kg liveweight or saleable output,"Qualified farms, integrators and feed dealers",Technical feed service; monitor mortality and animal welfare,partner,Wheat/feed inputs to Senegal processing,"Continue existing service/eligible trade without the incremental intervention, in the same scenario","Measure delivered rival price, specification, credit and service; allow matched-price/credit response. No shares or rival costs available.",Net paid orders × delivered unit contribution − service/promotion − cannibalisation − cash funding; cap deliveries at verified supply,Incremental paid contribution net of service/cannibalisation; measured usable output and repeat after promotion,"Verify actual supplier/basin/asset, rights and product standards before any claim or route commitment",Country SEN category lead; Finance owns contribution; Treasury cash; Legal eligibility,Days 1–30 diagnose/design; 31–60 controlled test; 61–90 cash/transfer review,"Stop for negative approved contribution bound, unfunded monthly liquidity, failed rights/access/quality or no paid repeat; numeric limits require Finance approval",,Obtain vendor/fieldwork quote and opportunity-cost estimate before commissioning; not zero,"Customer-linked prices, paid orders, usable yield, returns, full route costs, credit, monthly inventory, assets/permits and competitor observations","[""UN_M49"", ""UN_WPP"", ""UN_MEMBERS"", ""WB_population"", ""WB_income_ppp"", ""WB_urban"", ""WB_inflation"", ""WB_food_index"", ""WB_food_import_share"", ""WB_food_export_share"", ""WB_imports_usd"", ""WB_exports_usd"", ""WB_cereal_yield"", ""WB_water_stress"", ""CO_FACT"", ""CO_SEN"", ""WB_fertility"", ""WB_life_expectancy"", ""WB_age_under15"", ""WB_age_over65"", ""WB_dependency_ratio"", ""WB_net_migration"", ""WB_real_gdp"", ""WB_gdp_growth"", ""WB_real_income"", ""WB_agriculture_gdp"", ""WB_poverty"", ""WB_gini"", ""WB_unemployment"", ""WB_private_credit"", ""WB_lending_rate"", ""WB_real_interest"", ""WB_electricity_access"", ""WB_irrigated_land"", ""WB_cereal_area"", ""WB_undernourishment"", ""WB_agriculture_employment"", ""WB_water_withdrawal""]","[""A_PILOT"", ""A_TEMPLATE""]",Threshold-only commercial hypothesis; neither feasible entry nor investment return validated
ZAF-maize,maize,Maize,100590,HS 2022 maize other than seed; destination/feed eligibility required,Feed mills and industrial grain buyers,"Quality, usable dry matter and dependable delivery",Specification-based origination and shipment contract,Delivered USD per usable dry-matter tonne; adjust quality losses,"Qualified cooperatives, elevators and bankable B2B buyers","Technical specification and independent inspection, not consumer advertising",trade,Grains/oils to South African industrial customers,"Continue existing service/eligible trade without the incremental intervention, in the same scenario","Measure delivered rival price, specification, credit and service; allow matched-price/credit response. No shares or rival costs available.",Net paid orders × delivered unit contribution − service/promotion − cannibalisation − cash funding; cap deliveries at verified supply,Incremental paid contribution net of service/cannibalisation; measured usable output and repeat after promotion,"Verify actual supplier/basin/asset, rights and product standards before any claim or route commitment",Country ZAF category lead; Finance owns contribution; Treasury cash; Legal eligibility,Days 1–30 diagnose/design; 31–60 controlled test; 61–90 cash/transfer review,"Stop for negative approved contribution bound, unfunded monthly liquidity, failed rights/access/quality or no paid repeat; numeric limits require Finance approval",,Obtain vendor/fieldwork quote and opportunity-cost estimate before commissioning; not zero,"Customer-linked prices, paid orders, usable yield, returns, full route costs, credit, monthly inventory, assets/permits and competitor observations","[""UN_M49"", ""UN_WPP"", ""UN_MEMBERS"", ""WB_population"", ""WB_income_ppp"", ""WB_urban"", ""WB_inflation"", ""WB_food_index"", ""WB_food_import_share"", ""WB_food_export_share"", ""WB_imports_usd"", ""WB_exports_usd"", ""WB_cereal_yield"", ""WB_water_stress"", ""CO_FACT"", ""CO_ZAF"", ""WB_fertility"", ""WB_life_expectancy"", ""WB_age_under15"", ""WB_age_over65"", ""WB_dependency_ratio"", ""WB_net_migration"", ""WB_real_gdp"", ""WB_gdp_growth"", ""WB_real_income"", ""WB_agriculture_gdp"", ""WB_poverty"", ""WB_gini"", ""WB_unemployment"", ""WB_private_credit"", ""WB_lending_rate"", ""WB_real_interest"", ""WB_government_debt"", ""WB_electricity_access"", ""WB_irrigated_land"", ""WB_cereal_area"", ""WB_undernourishment"", ""WB_agriculture_employment"", ""WB_water_withdrawal""]","[""A_PILOT"", ""A_TEMPLATE""]",Threshold-only commercial hypothesis; neither feasible entry nor investment return validated
ZAF-edible_oil,edible_oil,Edible oil,151190,HS 2022 candidate refined palm-oil line; actual composition determines code,"Households, food-service and oil distributors","Cost per cooking use, trusted quality and availability",Affordable verified pack and reliable replenishment,Net price per litre and per measured cooking use; safety/specification gate,"Qualified distributors, independent retail and food-service cohorts",Replenishment and verified quality; no unproven health claim,trade,Grains/oils to South African industrial customers,"Continue existing service/eligible trade without the incremental intervention, in the same scenario","Measure delivered rival price, specification, credit and service; allow matched-price/credit response. No shares or rival costs available.",Net paid orders × delivered unit contribution − service/promotion − cannibalisation − cash funding; cap deliveries at verified supply,Incremental paid contribution net of service/cannibalisation; measured usable output and repeat after promotion,"Verify actual supplier/basin/asset, rights and product standards before any claim or route commitment",Country ZAF category lead; Finance owns contribution; Treasury cash; Legal eligibility,Days 1–30 diagnose/design; 31–60 controlled test; 61–90 cash/transfer review,"Stop for negative approved contribution bound, unfunded monthly liquidity, failed rights/access/quality or no paid repeat; numeric limits require Finance approval",,Obtain vendor/fieldwork quote and opportunity-cost estimate before commissioning; not zero,"Customer-linked prices, paid orders, usable yield, returns, full route costs, credit, monthly inventory, assets/permits and competitor observations","[""UN_M49"", ""UN_WPP"", ""UN_MEMBERS"", ""WB_population"", ""WB_income_ppp"", ""WB_urban"", ""WB_inflation"", ""WB_food_index"", ""WB_food_import_share"", ""WB_food_export_share"", ""WB_imports_usd"", ""WB_exports_usd"", ""WB_cereal_yield"", ""WB_water_stress"", ""CO_FACT"", ""CO_ZAF"", ""WB_fertility"", ""WB_life_expectancy"", ""WB_age_under15"", ""WB_age_over65"", ""WB_dependency_ratio"", ""WB_net_migration"", ""WB_real_gdp"", ""WB_gdp_growth"", ""WB_real_income"", ""WB_agriculture_gdp"", ""WB_poverty"", ""WB_gini"", ""WB_unemployment"", ""WB_private_credit"", ""WB_lending_rate"", ""WB_real_interest"", ""WB_government_debt"", ""WB_electricity_access"", ""WB_irrigated_land"", ""WB_cereal_area"", ""WB_undernourishment"", ""WB_agriculture_employment"", ""WB_water_withdrawal""]","[""A_PILOT"", ""A_TEMPLATE""]",Threshold-only commercial hypothesis; neither feasible entry nor investment return validated
VNM-rice,rice,Rice,100630,HS 2022 semi/wholly milled rice; verify grade and treatment,"Households, food-service, importers and distributors","Consistent cooking yield, cash access and availability",Grade-specific contracted lot and cooked-output comparison,Delivered price per saleable tonne and per prepared meal,"Licensed importers, wholesalers and eligible retail routes","Blind grade/quality test, shipment reliability and paid reorder",trade,Vietnam rice to African destinations,"Continue existing service/eligible trade without the incremental intervention, in the same scenario","Measure delivered rival price, specification, credit and service; allow matched-price/credit response. No shares or rival costs available.",Net paid orders × delivered unit contribution − service/promotion − cannibalisation − cash funding; cap deliveries at verified supply,Incremental paid contribution net of service/cannibalisation; measured usable output and repeat after promotion,"Verify actual supplier/basin/asset, rights and product standards before any claim or route commitment",Country VNM category lead; Finance owns contribution; Treasury cash; Legal eligibility,Days 1–30 diagnose/design; 31–60 controlled test; 61–90 cash/transfer review,"Stop for negative approved contribution bound, unfunded monthly liquidity, failed rights/access/quality or no paid repeat; numeric limits require Finance approval",,Obtain vendor/fieldwork quote and opportunity-cost estimate before commissioning; not zero,"Customer-linked prices, paid orders, usable yield, returns, full route costs, credit, monthly inventory, assets/permits and competitor observations","[""UN_M49"", ""UN_WPP"", ""UN_MEMBERS"", ""WB_population"", ""WB_income_ppp"", ""WB_urban"", ""WB_inflation"", ""WB_food_index"", ""WB_food_import_share"", ""WB_food_export_share"", ""WB_imports_usd"", ""WB_exports_usd"", ""WB_cereal_yield"", ""WB_water_stress"", ""CO_FACT"", ""CO_VNM"", ""WB_fertility"", ""WB_life_expectancy"", ""WB_age_under15"", ""WB_age_over65"", ""WB_dependency_ratio"", ""WB_net_migration"", ""WB_real_gdp"", ""WB_gdp_growth"", ""WB_real_income"", ""WB_agriculture_gdp"", ""WB_poverty"", ""WB_gini"", ""WB_unemployment"", ""WB_private_credit"", ""WB_lending_rate"", ""WB_real_interest"", ""WB_electricity_access"", ""WB_cereal_area"", ""WB_undernourishment"", ""WB_agriculture_employment"", ""WB_water_withdrawal""]","[""A_PILOT"", ""A_TEMPLATE""]",Threshold-only commercial hypothesis; neither feasible entry nor investment return validated
