role,objection,evidence,decision_change_or_correction,references,unresolved,reviewer
CEO,"Why these markets, and which capability compounds?","Current capabilities give lower-cost learning hypotheses, not proven returns.",Conditional priorities only; use product-specific plans and paid contribution gates,18 product plans; CEO-01,Country profitability ranking and transferability not observed,Author using ten specified perspectives; not independent external reviewers
CFO,"ROIC, terminal value and financing may conceal a negative project.",Managed owned NPV remains negative; no franchise terminal value; closeout/post2036 contributions reported.,"Added capital metrics, sensitivities and monthly timing example",C-CAPITAL; C-SENSITIVITY; C-MONTHLY,"Actual tax, capex, monthly cash and WACC absent",Author using ten specified perspectives; not independent external reviewers
Treasury,Are FX/commodity and liquidity charged twice?,Legacy imported-sales proxy remains a historical screen; actual procurement/hedge/collateral mapping is open.,Separate normalized real USD cash from currency-specific exposure; remove calibrated probability language,A_RATE; A_NWC; C-E11; C-DEPENDENCE,"Actual FX, hedge basis, collateral and counterparty exposures absent",Author using ten specified perspectives; not independent external reviewers
Country leader,Combined products hide different needs and local channels.,Semolina/oils and other categories require separate customers and contributions.,Split18 product plans; matrix8526 rows with unselected nonpriority categories explicit,priority-product-plans.csv,"Local interviews, access and competitor prices still needed",Author using ten specified perspectives; not independent external reviewers
Category leader,"Are nutrition, yield and premium claims measured?",No observed premium or intervention effect; health narratives do not prove purchases.,Specify usable-output/cost-per-use and paid-repeat tests by category,model-selection; C-E05/C-E06,Actual formulation/yield/biology and adoption unavailable,Author using ten specified perspectives; not independent external reviewers
Procurement and operations,Can orders actually be delivered in peak season?,Physical cap and monthly inventory balance checked; national supply is not project supply.,Added capacity-marketing complementarity and feasible route LP,C-CAPACITY-MARKETING; C-NETWORK,"Actual yield, uptime, supply contracts and plant/route peaks missing",Author using ten specified perspectives; not independent external reviewers
Climate and sustainability,Do country averages price real water and crop damages?,No; geocoded hazards/adaptation/rights missing.,No fitted damages or climate-origin approval; maintain hard gates and common-exposure inventory,climate; C-DEPENDENCE,Asset/basin adaptation feasibility not established,Author using ten specified perspectives; not independent external reviewers
Econometrician,Does the regression identify demand or 2051 investment returns?,No; retrospective latest-vintage supply benchmark has tiny gain and instability.,Reject investment forecasting; add VIF/residual/year/split-sample diagnostics,C-OLS; regression-diagnostics.pdf,"No product elasticity, real-time backtest or causal identification",Author using ten specified perspectives; not independent external reviewers
Marketing measurement expert,"Could repeat be stock loading, availability or simultaneous price changes?",Yes; no actual randomized observations.,"Separate clusters/categories; pre-register ITT, spillover/cannibalisation, power, attrition and no-support repeat",pilot-charter; plans,"Variance, ICC, experiment cost and observed lift missing",Author using ten specified perspectives; not independent external reviewers
Sceptical investor,Do waiting or partnering dominate the proposed integration?,"Partner wins chosen regret example, owned central case; EVSI positive only above an accuracy/cost boundary.","Add common-payoff benchmarks, ablations and imperfect-study sensitivity; restrict originality claim",C-REGRET; C-EVSI; C-ABLATION,Empirical multi-country policy superiority and literature completeness open,Author using ten specified perspectives; not independent external reviewers
