mode,scenario,variable,input,NPV,delta_NPV,peak_funding,status
trade,managed,orders_factor,0.7,-0.6369911908715896,-0.9946774331732902,2.5223138999999994,"Chosen structural sensitivity, not country comparable range"
trade,managed,orders_factor,0.85,-0.13915660651634754,-0.4968428488180481,2.731845449999999,"Chosen structural sensitivity, not country comparable range"
trade,managed,orders_factor,1,0.35768624230170054,0.0,2.9413770000000037,"Chosen structural sensitivity, not country comparable range"
trade,managed,orders_factor,1.15,0.8542811572354702,0.4965949149337696,3.1509085500000014,"Chosen structural sensitivity, not country comparable range"
trade,managed,orders_factor,1.3,1.290389344245062,0.9327031019433615,3.360440099999999,"Chosen structural sensitivity, not country comparable range"
trade,managed,price_factor,0.9,-35.991351339031056,-36.34903758133276,99.76836701813428,"Chosen structural sensitivity, not country comparable range"
trade,managed,price_factor,0.95,-17.278137438589347,-17.635823680891047,44.54672401716391,"Chosen structural sensitivity, not country comparable range"
trade,managed,price_factor,1,0.35768624230170054,0.0,2.9413770000000037,"Chosen structural sensitivity, not country comparable range"
trade,managed,price_factor,1.05,14.373855159057657,14.016168916755957,1.5358356164383573,"Chosen structural sensitivity, not country comparable range"
trade,managed,price_factor,1.1,28.390024075813656,28.032337833511956,0.829671232876711,"Chosen structural sensitivity, not country comparable range"
trade,managed,cost_factor,0.9,28.058960799191087,27.701274556889388,0.7236712328767124,"Chosen structural sensitivity, not country comparable range"
trade,managed,cost_factor,0.95,14.208323520746411,13.850637278444712,1.4828356164383565,"Chosen structural sensitivity, not country comparable range"
trade,managed,cost_factor,1,0.35768624230170054,0.0,2.9413770000000037,"Chosen structural sensitivity, not country comparable range"
trade,managed,cost_factor,1.05,-17.01866490060441,-17.37635114290611,43.64187165271394,"Chosen structural sensitivity, not country comparable range"
trade,managed,cost_factor,1.1,-35.47240626306116,-35.83009250536286,97.54583315133999,"Chosen structural sensitivity, not country comparable range"
trade,managed,capex_factor,0.5,0.9831870025543663,0.6255007602526658,2.450377000000004,"Chosen structural sensitivity, not country comparable range"
trade,managed,capex_factor,0.75,0.6704366224280334,0.3127503801263328,2.695877000000004,"Chosen structural sensitivity, not country comparable range"
trade,managed,capex_factor,1,0.35768624230170054,0.0,2.9413770000000037,"Chosen structural sensitivity, not country comparable range"
trade,managed,capex_factor,1.25,0.0449358621753676,-0.31275038012633294,3.186877000000004,"Chosen structural sensitivity, not country comparable range"
trade,managed,capex_factor,1.5,-0.26787650142203956,-0.6255627437237401,3.432377000000004,"Chosen structural sensitivity, not country comparable range"
trade,managed,DSO_added_days,-10,1.1073465853147089,0.7496603430130083,2.0730495890411,"Chosen structural sensitivity, not country comparable range"
trade,managed,DSO_added_days,0,0.35768624230170054,0.0,2.9413770000000037,"Chosen structural sensitivity, not country comparable range"
trade,managed,DSO_added_days,10,-0.39197410071130745,-0.749660343013008,3.844587958904113,"Chosen structural sensitivity, not country comparable range"
trade,managed,DSO_added_days,20,-1.1416344437243158,-1.4993206860260164,4.747798917808222,"Chosen structural sensitivity, not country comparable range"
trade,managed,DSO_added_days,40,-2.640955129750332,-2.998641372052033,6.554220835616441,"Chosen structural sensitivity, not country comparable range"
trade,managed,DIO_added_days,-10,1.2760201624926353,0.9183339201909347,1.9128742465753465,"Chosen structural sensitivity, not country comparable range"
trade,managed,DIO_added_days,0,0.35768624230170054,0.0,2.9413770000000037,"Chosen structural sensitivity, not country comparable range"
trade,managed,DIO_added_days,10,-0.5606476778892345,-0.9183339201909351,4.047810424657539,"Chosen structural sensitivity, not country comparable range"
trade,managed,DIO_added_days,20,-1.4789815980801688,-1.8366678403818693,5.154243849315073,"Chosen structural sensitivity, not country comparable range"
trade,managed,DIO_added_days,40,-3.3156494384620396,-3.6733356807637403,7.367110698630139,"Chosen structural sensitivity, not country comparable range"
trade,managed,real_hurdle,0.06,2.1966062939688844,1.8389200516671838,2.9413770000000037,"Chosen structural sensitivity, not country comparable range"
trade,managed,real_hurdle,0.08,1.1156231327596076,0.757936890457907,2.9413770000000037,"Chosen structural sensitivity, not country comparable range"
trade,managed,real_hurdle,0.1,0.35768624230170054,0.0,2.9413770000000037,"Chosen structural sensitivity, not country comparable range"
trade,managed,real_hurdle,0.12,-0.1832120464245255,-0.540898288726226,2.9413770000000037,"Chosen structural sensitivity, not country comparable range"
trade,managed,real_hurdle,0.16,-0.8645378621590607,-1.2222241044607611,2.9413770000000037,"Chosen structural sensitivity, not country comparable range"
trade,integration,orders_factor,0.7,4.666939808006195,-3.2024192380021343,1.451557769863014,"Chosen structural sensitivity, not country comparable range"
trade,integration,orders_factor,0.85,6.331656333417619,-1.5377027125907103,1.510123720547945,"Chosen structural sensitivity, not country comparable range"
trade,integration,orders_factor,1,7.869359046008329,0.0,1.5686896712328786,"Chosen structural sensitivity, not country comparable range"
trade,integration,orders_factor,1.15,8.831036847803707,0.9616778017953784,1.627255621917807,"Chosen structural sensitivity, not country comparable range"
trade,integration,orders_factor,1.3,9.249458036455232,1.3800989904469034,1.685821572602738,"Chosen structural sensitivity, not country comparable range"
trade,integration,price_factor,0.9,-37.52858262769917,-45.3979416737075,98.12231141356806,"Chosen structural sensitivity, not country comparable range"
trade,integration,price_factor,0.95,-13.134705651924346,-21.004064697932677,31.170008518285325,"Chosen structural sensitivity, not country comparable range"
trade,integration,price_factor,1,7.869359046008329,0.0,1.5686896712328786,"Chosen structural sensitivity, not country comparable range"
trade,integration,price_factor,1.05,26.14811688676064,18.278757840752313,0.7655115890410966,"Chosen structural sensitivity, not country comparable range"
trade,integration,price_factor,1.1,44.42687472751302,36.55751568150469,0.6,"Chosen structural sensitivity, not country comparable range"
trade,integration,cost_factor,0.9,43.329765091854085,35.46040604584576,0.6,"Chosen structural sensitivity, not country comparable range"
trade,integration,cost_factor,0.95,25.599562068931228,17.7302030229229,0.7459896054794506,"Chosen structural sensitivity, not country comparable range"
trade,integration,cost_factor,1,7.869359046008329,0.0,1.5686896712328786,"Chosen structural sensitivity, not country comparable range"
trade,integration,cost_factor,1.05,-12.373956200109676,-20.243315246118005,29.043591087106847,"Chosen structural sensitivity, not country comparable range"
trade,integration,cost_factor,1.1,-36.00708372406977,-43.8764427700781,93.42661770189586,"Chosen structural sensitivity, not country comparable range"
trade,integration,capex_factor,0.5,8.517778200093936,0.648419154085607,1.0714396712328784,"Chosen structural sensitivity, not country comparable range"
trade,integration,capex_factor,0.75,8.193568623051135,0.3242095770428062,1.3200646712328785,"Chosen structural sensitivity, not country comparable range"
trade,integration,capex_factor,1,7.869359046008329,0.0,1.5686896712328786,"Chosen structural sensitivity, not country comparable range"
trade,integration,capex_factor,1.25,7.5451494689655245,-0.3242095770428044,1.8173146712328785,"Chosen structural sensitivity, not country comparable range"
trade,integration,capex_factor,1.5,7.22093989192272,-0.6484191540856088,2.0659396712328784,"Chosen structural sensitivity, not country comparable range"
trade,integration,DSO_added_days,-10,8.757353236878142,0.8879941908698132,1.0777307671232892,"Chosen structural sensitivity, not country comparable range"
trade,integration,DSO_added_days,0,7.869359046008329,0.0,1.5686896712328786,"Chosen structural sensitivity, not country comparable range"
trade,integration,DSO_added_days,10,6.981364855138515,-0.8879941908698141,2.2185336635616464,"Chosen structural sensitivity, not country comparable range"
trade,integration,DSO_added_days,20,6.093370664268701,-1.7759883817396283,3.0237062663013723,"Chosen structural sensitivity, not country comparable range"
trade,integration,DSO_added_days,40,4.317382282529073,-3.5519767634792556,4.9411565482191815,"Chosen structural sensitivity, not country comparable range"
trade,integration,DIO_added_days,-10,8.940835036566618,1.0714759905582891,0.9762863835616454,"Chosen structural sensitivity, not country comparable range"
trade,integration,DIO_added_days,0,7.869359046008329,0.0,1.5686896712328786,"Chosen structural sensitivity, not country comparable range"
trade,integration,DIO_added_days,10,6.797883055450039,-1.07147599055829,2.3849024526027427,"Chosen structural sensitivity, not country comparable range"
trade,integration,DIO_added_days,20,5.726407064891751,-2.1429519811165783,3.356443844383564,"Chosen structural sensitivity, not country comparable range"
trade,integration,DIO_added_days,40,3.583455083775172,-4.2859039622331565,5.793796592054795,"Chosen structural sensitivity, not country comparable range"
trade,integration,real_hurdle,0.06,11.610888642113853,3.741529596105524,1.5686896712328786,"Chosen structural sensitivity, not country comparable range"
trade,integration,real_hurdle,0.08,8.927847149018385,1.0584881030100561,1.5686896712328786,"Chosen structural sensitivity, not country comparable range"
trade,integration,real_hurdle,0.1,6.957792972954234,-0.9115660730540949,1.5686896712328786,"Chosen structural sensitivity, not country comparable range"
trade,integration,real_hurdle,0.12,5.4835016955085685,-2.3858573504997604,1.5686896712328786,"Chosen structural sensitivity, not country comparable range"
trade,integration,real_hurdle,0.16,3.4895067446525565,-4.379852301355772,1.5686896712328786,"Chosen structural sensitivity, not country comparable range"
trade,fragmented,orders_factor,0.7,-8.156447191355307,1.9798085550466276,18.83774311315117,"Chosen structural sensitivity, not country comparable range"
trade,fragmented,orders_factor,0.85,-9.146351468878615,0.9899042775233191,20.842973780255008,"Chosen structural sensitivity, not country comparable range"
trade,fragmented,orders_factor,1,-10.136255746401934,0.0,22.84820444735882,"Chosen structural sensitivity, not country comparable range"
trade,fragmented,orders_factor,1.15,-11.126160023925237,-0.9899042775233031,24.853435114462606,"Chosen structural sensitivity, not country comparable range"
trade,fragmented,orders_factor,1.3,-12.116064301448557,-1.9798085550466222,26.858665781566447,"Chosen structural sensitivity, not country comparable range"
trade,fragmented,price_factor,0.9,-37.89000362477896,-27.753747878377027,114.06789749716484,"Chosen structural sensitivity, not country comparable range"
trade,fragmented,price_factor,0.95,-24.013129685590474,-13.87687393918854,68.45805097226192,"Chosen structural sensitivity, not country comparable range"
trade,fragmented,price_factor,1,-10.136255746401934,0.0,22.84820444735882,"Chosen structural sensitivity, not country comparable range"
trade,fragmented,price_factor,1.05,1.5639374631753653,11.7001932095773,4.442172305438351,"Chosen structural sensitivity, not country comparable range"
trade,fragmented,price_factor,1.1,11.94285900307426,22.079114749476194,2.733593013698629,"Chosen structural sensitivity, not country comparable range"
trade,fragmented,cost_factor,0.9,12.544944436870717,22.68120018327265,2.454269260273974,"Chosen structural sensitivity, not country comparable range"
trade,fragmented,cost_factor,0.95,1.864980180073609,12.001235926475543,4.1449088913856205,"Chosen structural sensitivity, not country comparable range"
trade,fragmented,cost_factor,1,-10.136255746401934,0.0,22.84820444735882,"Chosen structural sensitivity, not country comparable range"
trade,fragmented,cost_factor,1.05,-24.343097778098247,-14.206842031696313,69.12646119462988,"Chosen structural sensitivity, not country comparable range"
trade,fragmented,cost_factor,1.1,-38.549939809794566,-28.41368406339263,115.40471794190096,"Chosen structural sensitivity, not country comparable range"
trade,fragmented,capex_factor,0.5,-9.446240426187552,0.6900153202143819,21.408204447358816,"Chosen structural sensitivity, not country comparable range"
trade,fragmented,capex_factor,0.75,-9.791248086294742,0.34500766010719275,22.128204447358822,"Chosen structural sensitivity, not country comparable range"
trade,fragmented,capex_factor,1,-10.136255746401934,0.0,22.84820444735882,"Chosen structural sensitivity, not country comparable range"
trade,fragmented,capex_factor,1.25,-10.481263406509123,-0.3450076601071892,23.56820444735882,"Chosen structural sensitivity, not country comparable range"
trade,fragmented,capex_factor,1.5,-10.826271066616316,-0.6900153202143819,24.288204447358826,"Chosen structural sensitivity, not country comparable range"
trade,fragmented,DSO_added_days,-10,-9.479480558001105,0.6567751884008288,21.9593946022951,"Chosen structural sensitivity, not country comparable range"
trade,fragmented,DSO_added_days,0,-10.136255746401934,0.0,22.84820444735882,"Chosen structural sensitivity, not country comparable range"
trade,fragmented,DSO_added_days,10,-10.793030934802761,-0.656775188400827,23.73701429242255,"Chosen structural sensitivity, not country comparable range"
trade,fragmented,DSO_added_days,20,-11.44980612320359,-1.3135503768016559,24.625824137486273,"Chosen structural sensitivity, not country comparable range"
trade,fragmented,DSO_added_days,40,-12.763356500005248,-2.6271007536033135,26.403443827613728,"Chosen structural sensitivity, not country comparable range"
trade,fragmented,DIO_added_days,-10,-9.30849797890541,0.8277577674965251,21.728004923880672,"Chosen structural sensitivity, not country comparable range"
trade,fragmented,DIO_added_days,0,-10.136255746401934,0.0,22.84820444735882,"Chosen structural sensitivity, not country comparable range"
trade,fragmented,DIO_added_days,10,-10.964013513898458,-0.8277577674965233,23.96840397083698,"Chosen structural sensitivity, not country comparable range"
trade,fragmented,DIO_added_days,20,-11.791771281394983,-1.6555155349930484,25.08860349431513,"Chosen structural sensitivity, not country comparable range"
trade,fragmented,DIO_added_days,40,-13.447286816388033,-3.3110310699860985,27.32900254127143,"Chosen structural sensitivity, not country comparable range"
trade,fragmented,real_hurdle,0.06,-13.120503707784405,-2.9842479613824704,22.84820444735882,"Chosen structural sensitivity, not country comparable range"
trade,fragmented,real_hurdle,0.08,-11.940926739782213,-1.8046709933802791,22.84820444735882,"Chosen structural sensitivity, not country comparable range"
trade,fragmented,real_hurdle,0.1,-10.958634923249223,-0.8223791768472886,22.84820444735882,"Chosen structural sensitivity, not country comparable range"
trade,fragmented,real_hurdle,0.12,-10.136255746401934,0.0,22.84820444735882,"Chosen structural sensitivity, not country comparable range"
trade,fragmented,real_hurdle,0.16,-8.852858925997179,1.2833968204047554,22.84820444735882,"Chosen structural sensitivity, not country comparable range"
trade,physical,orders_factor,0.7,-18.98307465475122,6.577774936973096,52.598449975056845,"Chosen structural sensitivity, not country comparable range"
trade,physical,orders_factor,0.85,-22.27196212323777,3.2888874684865463,61.773832112569025,"Chosen structural sensitivity, not country comparable range"
trade,physical,orders_factor,1,-25.560849591724317,0.0,70.94921425008118,"Chosen structural sensitivity, not country comparable range"
trade,physical,orders_factor,1.15,-28.849737060210874,-3.288887468486557,80.12459638759339,"Chosen structural sensitivity, not country comparable range"
trade,physical,orders_factor,1.3,-32.138624528697406,-6.577774936973089,89.29997852510556,"Chosen structural sensitivity, not country comparable range"
trade,physical,price_factor,0.9,-51.272890998251576,-25.71204140652726,155.6818038598275,"Chosen structural sensitivity, not country comparable range"
trade,physical,price_factor,0.95,-38.416870294987945,-12.856020703263628,113.2627301940761,"Chosen structural sensitivity, not country comparable range"
trade,physical,price_factor,1,-25.560849591724317,0.0,70.94921425008118,"Chosen structural sensitivity, not country comparable range"
trade,physical,price_factor,1.05,-12.704828888460654,12.856020703263663,28.635698306086166,"Chosen structural sensitivity, not country comparable range"
trade,physical,price_factor,1.1,-1.471801690831522,24.089047900892794,6.696595231657515,"Chosen structural sensitivity, not country comparable range"
trade,physical,cost_factor,0.9,0.31015426077276265,25.87100385249708,5.6210535500726,"Chosen structural sensitivity, not country comparable range"
trade,physical,cost_factor,0.95,-11.608533065631818,13.952316526092499,25.577237593582154,"Chosen structural sensitivity, not country comparable range"
trade,physical,cost_factor,1,-25.560849591724317,0.0,70.94921425008118,"Chosen structural sensitivity, not country comparable range"
trade,physical,cost_factor,1.05,-39.513166117816816,-13.952316526092499,116.32119090658024,"Chosen structural sensitivity, not country comparable range"
trade,physical,cost_factor,1.1,-53.46548264390931,-27.904633052184995,161.69316756307927,"Chosen structural sensitivity, not country comparable range"
trade,physical,capex_factor,0.5,-24.87083427150993,0.6900153202143855,69.50921425008121,"Chosen structural sensitivity, not country comparable range"
trade,physical,capex_factor,0.75,-25.215841931617124,0.34500766010719275,70.2292142500812,"Chosen structural sensitivity, not country comparable range"
trade,physical,capex_factor,1,-25.560849591724317,0.0,70.94921425008118,"Chosen structural sensitivity, not country comparable range"
trade,physical,capex_factor,1.25,-25.905857251831506,-0.3450076601071892,71.66921425008121,"Chosen structural sensitivity, not country comparable range"
trade,physical,capex_factor,1.5,-26.250864911938695,-0.6900153202143784,72.3892142500812,"Chosen structural sensitivity, not country comparable range"
trade,physical,DSO_added_days,-10,-24.950946820615343,0.609902771108974,70.12383656062673,"Chosen structural sensitivity, not country comparable range"
trade,physical,DSO_added_days,0,-25.560849591724317,0.0,70.94921425008118,"Chosen structural sensitivity, not country comparable range"
trade,physical,DSO_added_days,10,-26.17075236283329,-0.609902771108974,71.77459193953567,"Chosen structural sensitivity, not country comparable range"
trade,physical,DSO_added_days,20,-26.780655133942265,-1.219805542217948,72.59996962899014,"Chosen structural sensitivity, not country comparable range"
trade,physical,DSO_added_days,40,-28.000460676160216,-2.4396110844358994,74.2507250078991,"Chosen structural sensitivity, not country comparable range"
trade,physical,DIO_added_days,-10,-24.75028305512076,0.8105665366035559,69.85227951421423,"Chosen structural sensitivity, not country comparable range"
trade,physical,DIO_added_days,0,-25.560849591724317,0.0,70.94921425008118,"Chosen structural sensitivity, not country comparable range"
trade,physical,DIO_added_days,10,-26.371416128327873,-0.8105665366035559,72.04614898594815,"Chosen structural sensitivity, not country comparable range"
trade,physical,DIO_added_days,20,-27.181982664931425,-1.6211330732071083,73.14308372181513,"Chosen structural sensitivity, not country comparable range"
trade,physical,DIO_added_days,40,-28.803115738138537,-3.24226614641422,75.33695319354912,"Chosen structural sensitivity, not country comparable range"
trade,physical,real_hurdle,0.06,-38.229629680289015,-12.668780088564699,70.94921425008118,"Chosen structural sensitivity, not country comparable range"
trade,physical,real_hurdle,0.08,-32.92961093849594,-7.368761346771624,70.94921425008118,"Chosen structural sensitivity, not country comparable range"
trade,physical,real_hurdle,0.1,-28.81232297210425,-3.2514733803799345,70.94921425008118,"Chosen structural sensitivity, not country comparable range"
trade,physical,real_hurdle,0.12,-25.560849591724317,0.0,70.94921425008118,"Chosen structural sensitivity, not country comparable range"
trade,physical,real_hurdle,0.16,-20.828177476988767,4.73267211473555,70.94921425008118,"Chosen structural sensitivity, not country comparable range"
trade,squeeze,orders_factor,0.7,-10.281089066997891,3.0764140536014875,28.65311197808222,"Chosen structural sensitivity, not country comparable range"
trade,squeeze,orders_factor,0.85,-11.819296093798641,1.5382070268007375,32.82592168767129,"Chosen structural sensitivity, not country comparable range"
trade,squeeze,orders_factor,1,-13.357503120599379,0.0,36.99873139726028,"Chosen structural sensitivity, not country comparable range"
trade,squeeze,orders_factor,1.15,-14.89571014740013,-1.5382070268007517,41.17154110684934,"Chosen structural sensitivity, not country comparable range"
trade,squeeze,orders_factor,1.3,-16.433917174200886,-3.076414053601507,45.3443508164384,"Chosen structural sensitivity, not country comparable range"
trade,squeeze,price_factor,0.9,-33.532011793460136,-20.174508672860757,112.37380536986322,"Chosen structural sensitivity, not country comparable range"
trade,squeeze,price_factor,0.95,-23.44475745702974,-10.087254336430362,74.68626838356167,"Chosen structural sensitivity, not country comparable range"
trade,squeeze,price_factor,1,-13.357503120599379,0.0,36.99873139726028,"Chosen structural sensitivity, not country comparable range"
trade,squeeze,price_factor,1.05,-3.6862205386368774,9.671282581962501,6.06931741095891,"Chosen structural sensitivity, not country comparable range"
trade,squeeze,price_factor,1.1,3.8526547331904166,17.210157853789795,3.780133539726024,"Chosen structural sensitivity, not country comparable range"
trade,squeeze,cost_factor,0.9,4.727747290317698,18.085250410917077,3.2465180679452112,"Chosen structural sensitivity, not country comparable range"
trade,squeeze,cost_factor,0.95,-3.2480294155056364,10.109473705093743,5.711564441095891,"Chosen structural sensitivity, not country comparable range"
trade,squeeze,cost_factor,1,-13.357503120599379,0.0,36.99873139726028,"Chosen structural sensitivity, not country comparable range"
trade,squeeze,cost_factor,1.05,-23.95749313262997,-10.599990012030592,76.0772049534246,"Chosen structural sensitivity, not country comparable range"
trade,squeeze,cost_factor,1.1,-34.5574831446606,-21.199980024061222,115.15567850958904,"Chosen structural sensitivity, not country comparable range"
trade,squeeze,capex_factor,0.5,-12.708180042451996,0.6493230781473827,35.558731397260296,"Chosen structural sensitivity, not country comparable range"
trade,squeeze,capex_factor,0.75,-13.032841581525686,0.3246615390736931,36.27873139726027,"Chosen structural sensitivity, not country comparable range"
trade,squeeze,capex_factor,1,-13.357503120599379,0.0,36.99873139726028,"Chosen structural sensitivity, not country comparable range"
trade,squeeze,capex_factor,1.25,-13.68216465967307,-0.32466153907369133,37.718731397260306,"Chosen structural sensitivity, not country comparable range"
trade,squeeze,capex_factor,1.5,-14.006826198746763,-0.6493230781473844,38.438731397260284,"Chosen structural sensitivity, not country comparable range"
trade,squeeze,DSO_added_days,-10,-12.809183661504544,0.5483194590948344,36.28701632876712,"Chosen structural sensitivity, not country comparable range"
trade,squeeze,DSO_added_days,0,-13.357503120599379,0.0,36.99873139726028,"Chosen structural sensitivity, not country comparable range"
trade,squeeze,DSO_added_days,10,-13.905822579694213,-0.5483194590948344,37.71044646575342,"Chosen structural sensitivity, not country comparable range"
trade,squeeze,DSO_added_days,20,-14.45414203878905,-1.0966389181896705,38.42216153424657,"Chosen structural sensitivity, not country comparable range"
trade,squeeze,DSO_added_days,40,-15.550780956978718,-2.1932778363793393,39.845591671232874,"Chosen structural sensitivity, not country comparable range"
trade,squeeze,DIO_added_days,-10,-12.65188797828946,0.7056151423099184,36.08284756164384,"Chosen structural sensitivity, not country comparable range"
trade,squeeze,DIO_added_days,0,-13.357503120599379,0.0,36.99873139726028,"Chosen structural sensitivity, not country comparable range"
trade,squeeze,DIO_added_days,10,-14.063118262909297,-0.7056151423099184,37.91461523287671,"Chosen structural sensitivity, not country comparable range"
trade,squeeze,DIO_added_days,20,-14.768733405219217,-1.4112302846198386,38.83049906849315,"Chosen structural sensitivity, not country comparable range"
trade,squeeze,DIO_added_days,40,-16.179963689839056,-2.822460569239677,40.66226673972602,"Chosen structural sensitivity, not country comparable range"
trade,squeeze,real_hurdle,0.06,-20.619558785381265,-7.262055664781887,36.99873139726028,"Chosen structural sensitivity, not country comparable range"
trade,squeeze,real_hurdle,0.08,-18.155030406502604,-4.797527285903225,36.99873139726028,"Chosen structural sensitivity, not country comparable range"
trade,squeeze,real_hurdle,0.1,-16.203277775443155,-2.845774654843776,36.99873139726028,"Chosen structural sensitivity, not country comparable range"
trade,squeeze,real_hurdle,0.12,-14.635199647253257,-1.2776965266538785,36.99873139726028,"Chosen structural sensitivity, not country comparable range"
trade,squeeze,real_hurdle,0.16,-12.302176032182468,1.0553270884169113,36.99873139726028,"Chosen structural sensitivity, not country comparable range"
trade,nutrition,orders_factor,0.7,-1.2983832026204758,-0.7550125712011657,3.3232243129632923,"Chosen structural sensitivity, not country comparable range"
trade,nutrition,orders_factor,0.85,-0.9203269170198909,-0.3769562856005808,3.697147380026858,"Chosen structural sensitivity, not country comparable range"
trade,nutrition,orders_factor,1,-0.5433706314193101,0.0,4.071070447090416,"Chosen structural sensitivity, not country comparable range"
trade,nutrition,orders_factor,1.15,-0.16661674251294678,0.3767538889063633,4.444993514153984,"Chosen structural sensitivity, not country comparable range"
trade,nutrition,orders_factor,1.3,0.19548266295662575,0.7388532943759358,4.818916581217543,"Chosen structural sensitivity, not country comparable range"
trade,nutrition,price_factor,0.9,-37.389012665405055,-36.84564203398575,100.18019033079884,"Chosen structural sensitivity, not country comparable range"
trade,nutrition,price_factor,0.95,-18.431287650094646,-17.887917018675335,46.00643097628239,"Chosen structural sensitivity, not country comparable range"
trade,nutrition,price_factor,1,-0.5433706314193101,0.0,4.071070447090416,"Chosen structural sensitivity, not country comparable range"
trade,nutrition,price_factor,1.05,13.651167707323484,14.194538338742795,2.088850520547946,"Chosen structural sensitivity, not country comparable range"
trade,nutrition,price_factor,1.1,27.845706046066287,28.389076677485598,1.3584676438356147,"Chosen structural sensitivity, not country comparable range"
trade,nutrition,cost_factor,0.9,27.594536786795352,28.137907418214663,1.1958693041095887,"Chosen structural sensitivity, not country comparable range"
trade,nutrition,cost_factor,0.95,13.525583077688063,14.068953709107372,2.007551350684929,"Chosen structural sensitivity, not country comparable range"
trade,nutrition,cost_factor,1,-0.5433706314193101,0.0,4.071070447090416,"Chosen structural sensitivity, not country comparable range"
trade,nutrition,cost_factor,1.05,-18.210439286927873,-17.66706865550856,45.155809225419794,"Chosen structural sensitivity, not country comparable range"
trade,nutrition,cost_factor,1.1,-36.94731593907146,-36.40394530765215,98.08405346809336,"Chosen structural sensitivity, not country comparable range"
trade,nutrition,capex_factor,0.5,0.08213012883335569,0.6255007602526658,3.580070447090416,"Chosen structural sensitivity, not country comparable range"
trade,nutrition,capex_factor,0.75,-0.23062025129297728,0.3127503801263328,3.825570447090416,"Chosen structural sensitivity, not country comparable range"
trade,nutrition,capex_factor,1,-0.5433706314193101,0.0,4.071070447090416,"Chosen structural sensitivity, not country comparable range"
trade,nutrition,capex_factor,1.25,-0.8561210115456432,-0.31275038012633316,4.316570447090417,"Chosen structural sensitivity, not country comparable range"
trade,nutrition,capex_factor,1.5,-1.1688713916719764,-0.6255007602526663,4.5620704470904165,"Chosen structural sensitivity, not country comparable range"
trade,nutrition,DSO_added_days,-10,0.21680289626087756,0.7601735276801876,3.131482887638362,"Chosen structural sensitivity, not country comparable range"
trade,nutrition,DSO_added_days,0,-0.5433706314193101,0.0,4.071070447090416,"Chosen structural sensitivity, not country comparable range"
trade,nutrition,DSO_added_days,10,-1.303544159099498,-0.760173527680188,5.010658006542473,"Chosen structural sensitivity, not country comparable range"
trade,nutrition,DSO_added_days,20,-2.063717686779686,-1.520347055360376,5.950245565994527,"Chosen structural sensitivity, not country comparable range"
trade,nutrition,DSO_added_days,40,-3.5840647421400607,-3.0406941107207506,7.8294206848986345,"Chosen structural sensitivity, not country comparable range"
trade,nutrition,DIO_added_days,-10,0.3878419399889198,0.9312125714082299,2.920075686761648,"Chosen structural sensitivity, not country comparable range"
trade,nutrition,DIO_added_days,0,-0.5433706314193101,0.0,4.071070447090416,"Chosen structural sensitivity, not country comparable range"
trade,nutrition,DIO_added_days,10,-1.47458320282754,-0.93121257140823,5.222065207419183,"Chosen structural sensitivity, not country comparable range"
trade,nutrition,DIO_added_days,20,-2.4057957742357696,-1.8624251428164595,6.373059967747951,"Chosen structural sensitivity, not country comparable range"
trade,nutrition,DIO_added_days,40,-4.26822091705223,-3.72485028563292,8.675049488405486,"Chosen structural sensitivity, not country comparable range"
trade,nutrition,real_hurdle,0.06,1.3307270316429514,1.8740976630622614,4.071070447090416,"Chosen structural sensitivity, not country comparable range"
trade,nutrition,real_hurdle,0.08,0.22090174402867846,0.7642723754479885,4.071070447090416,"Chosen structural sensitivity, not country comparable range"
trade,nutrition,real_hurdle,0.1,-0.5433706314193101,0.0,4.071070447090416,"Chosen structural sensitivity, not country comparable range"
trade,nutrition,real_hurdle,0.12,-1.0778872412040663,-0.5345166097847562,4.071070447090416,"Chosen structural sensitivity, not country comparable range"
trade,nutrition,real_hurdle,0.16,-1.728708134004703,-1.185337502585393,4.071070447090416,"Chosen structural sensitivity, not country comparable range"
partner,managed,orders_factor,0.7,2.209052387884869,-8.608317976514362,9.597808219178082,"Chosen structural sensitivity, not country comparable range"
partner,managed,orders_factor,0.85,6.58599654745112,-4.231373816948111,9.654767123287673,"Chosen structural sensitivity, not country comparable range"
partner,managed,orders_factor,1,10.817370364399231,0.0,9.795726027397262,"Chosen structural sensitivity, not country comparable range"
partner,managed,orders_factor,1.15,13.123715280895432,2.306344916496201,9.936684931506846,"Chosen structural sensitivity, not country comparable range"
partner,managed,orders_factor,1.3,13.682963320038656,2.865592955639425,10.077643835616438,"Chosen structural sensitivity, not country comparable range"
partner,managed,price_factor,0.9,-19.695519900537082,-30.512890264936313,36.73319252776879,"Chosen structural sensitivity, not country comparable range"
partner,managed,price_factor,0.95,-3.0957553568584695,-13.9131257212577,11.371134246575343,"Chosen structural sensitivity, not country comparable range"
partner,managed,price_factor,1,10.817370364399231,0.0,9.795726027397262,"Chosen structural sensitivity, not country comparable range"
partner,managed,price_factor,1.05,24.71073650639324,13.893366141994008,9.122438356164384,"Chosen structural sensitivity, not country comparable range"
partner,managed,price_factor,1.1,38.6041026483873,27.786732283988066,8.449150684931507,"Chosen structural sensitivity, not country comparable range"
partner,managed,cost_factor,0.9,35.7046307939024,24.887260429503172,8.355178082191781,"Chosen structural sensitivity, not country comparable range"
partner,managed,cost_factor,0.95,23.261000579150835,12.443630214751604,9.075452054794521,"Chosen structural sensitivity, not country comparable range"
partner,managed,cost_factor,1,10.817370364399231,0.0,9.795726027397262,"Chosen structural sensitivity, not country comparable range"
partner,managed,cost_factor,1.05,-1.6376257406604013,-12.454996105059632,11.278720000000003,"Chosen structural sensitivity, not country comparable range"
partner,managed,cost_factor,1.1,-15.674134321975266,-26.491504686374498,25.130368318402805,"Chosen structural sensitivity, not country comparable range"
partner,managed,capex_factor,0.5,15.821376446420556,5.004006082021325,5.817726027397262,"Chosen structural sensitivity, not country comparable range"
partner,managed,capex_factor,0.75,13.319373405409893,2.5020030410106617,7.806726027397262,"Chosen structural sensitivity, not country comparable range"
partner,managed,capex_factor,1,10.817370364399231,0.0,9.795726027397262,"Chosen structural sensitivity, not country comparable range"
partner,managed,capex_factor,1.25,8.315367323388566,-2.5020030410106653,11.784726027397262,"Chosen structural sensitivity, not country comparable range"
partner,managed,capex_factor,1.5,5.81286841460931,-5.004501949789921,13.779726027397263,"Chosen structural sensitivity, not country comparable range"
partner,managed,DSO_added_days,-10,11.563401272793278,0.7460309083940473,9.3573698630137,"Chosen structural sensitivity, not country comparable range"
partner,managed,DSO_added_days,0,10.817370364399231,0.0,9.795726027397262,"Chosen structural sensitivity, not country comparable range"
partner,managed,DSO_added_days,10,10.071339456005184,-0.7460309083940473,10.234082191780821,"Chosen structural sensitivity, not country comparable range"
partner,managed,DSO_added_days,20,9.325308547611137,-1.4920618167880946,10.857895890410962,"Chosen structural sensitivity, not country comparable range"
partner,managed,DSO_added_days,40,7.833246730823043,-2.9841236335761883,12.281676712328771,"Chosen structural sensitivity, not country comparable range"
partner,managed,DIO_added_days,-10,11.638004363632685,0.8206339992334541,9.313534246575344,"Chosen structural sensitivity, not country comparable range"
partner,managed,DIO_added_days,0,10.817370364399231,0.0,9.795726027397262,"Chosen structural sensitivity, not country comparable range"
partner,managed,DIO_added_days,10,9.99673636516578,-0.8206339992334506,10.277917808219179,"Chosen structural sensitivity, not country comparable range"
partner,managed,DIO_added_days,20,9.17610236593233,-1.6412679984669012,11.000273972602743,"Chosen structural sensitivity, not country comparable range"
partner,managed,DIO_added_days,40,7.534834367465423,-3.2825359969338086,12.56643287671233,"Chosen structural sensitivity, not country comparable range"
partner,managed,real_hurdle,0.06,21.307609718469458,10.490239354070226,9.795726027397262,"Chosen structural sensitivity, not country comparable range"
partner,managed,real_hurdle,0.08,15.262766666297228,4.445396301897997,9.795726027397262,"Chosen structural sensitivity, not country comparable range"
partner,managed,real_hurdle,0.1,10.817370364399231,0.0,9.795726027397262,"Chosen structural sensitivity, not country comparable range"
partner,managed,real_hurdle,0.12,7.4842831111933075,-3.3330872532059237,9.795726027397262,"Chosen structural sensitivity, not country comparable range"
partner,managed,real_hurdle,0.16,2.9621862593409043,-7.855184105058327,9.795726027397262,"Chosen structural sensitivity, not country comparable range"
partner,integration,orders_factor,0.7,12.319880121781868,-8.273071372555517,9.04731726027397,"Chosen structural sensitivity, not country comparable range"
partner,integration,orders_factor,0.85,17.936888355981353,-2.656063138356032,9.09217095890411,"Chosen structural sensitivity, not country comparable range"
partner,integration,orders_factor,1,20.592951494337385,0.0,9.137024657534244,"Chosen structural sensitivity, not country comparable range"
partner,integration,orders_factor,1.15,21.35720771092328,0.7642562165858955,9.181878356164379,"Chosen structural sensitivity, not country comparable range"
partner,integration,orders_factor,1.3,22.05629797550158,1.4633464811641943,9.226732054794518,"Chosen structural sensitivity, not country comparable range"
partner,integration,price_factor,0.9,-13.277214882993228,-33.87016637733061,20.16557788493146,"Chosen structural sensitivity, not country comparable range"
partner,integration,price_factor,0.95,4.29228853352443,-16.300662960812954,10.0214645479452,"Chosen structural sensitivity, not country comparable range"
partner,integration,price_factor,1,20.592951494337385,0.0,9.137024657534244,"Chosen structural sensitivity, not country comparable range"
partner,integration,price_factor,1.05,36.89118435667379,16.298232862336405,8.370668493150681,"Chosen structural sensitivity, not country comparable range"
partner,integration,price_factor,1.1,53.18941721901024,32.59646572467285,7.604312328767118,"Chosen structural sensitivity, not country comparable range"
partner,integration,cost_factor,0.9,49.226299901883024,28.63334840754564,7.574409863013701,"Chosen structural sensitivity, not country comparable range"
partner,integration,cost_factor,0.95,34.909625698110254,14.31667420377287,8.35571726027397,"Chosen structural sensitivity, not country comparable range"
partner,integration,cost_factor,1,20.592951494337385,0.0,9.137024657534244,"Chosen structural sensitivity, not country comparable range"
partner,integration,cost_factor,1.05,6.276277290564507,-14.316674203772877,9.93409656986302,"Chosen structural sensitivity, not country comparable range"
partner,integration,cost_factor,1.1,-8.136410468470789,-28.729361962808174,12.621362338630153,"Chosen structural sensitivity, not country comparable range"
partner,integration,capex_factor,0.5,25.780304727022255,5.18735323268487,5.159024657534244,"Chosen structural sensitivity, not country comparable range"
partner,integration,capex_factor,0.75,23.18662811067982,2.593676616342435,7.148024657534244,"Chosen structural sensitivity, not country comparable range"
partner,integration,capex_factor,1,20.592951494337385,0.0,9.137024657534244,"Chosen structural sensitivity, not country comparable range"
partner,integration,capex_factor,1.25,17.999274877994953,-2.5936766163424316,11.126024657534245,"Chosen structural sensitivity, not country comparable range"
partner,integration,capex_factor,1.5,15.405598261652518,-5.187353232684867,13.115024657534244,"Chosen structural sensitivity, not country comparable range"
partner,integration,DSO_added_days,-10,21.387371759889366,0.794420265551981,8.646065753424654,"Chosen structural sensitivity, not country comparable range"
partner,integration,DSO_added_days,0,20.592951494337385,0.0,9.137024657534244,"Chosen structural sensitivity, not country comparable range"
partner,integration,DSO_added_days,10,19.798531228785404,-0.794420265551981,9.627983561643834,"Chosen structural sensitivity, not country comparable range"
partner,integration,DSO_added_days,20,19.004110963233423,-1.588840531103962,10.118942465753422,"Chosen structural sensitivity, not country comparable range"
partner,integration,DSO_added_days,40,17.41527043212946,-3.177681062207924,11.145330849315066,"Chosen structural sensitivity, not country comparable range"
partner,integration,DIO_added_days,-10,21.453705852062956,0.8607543577255719,8.605070684931505,"Chosen structural sensitivity, not country comparable range"
partner,integration,DIO_added_days,0,20.592951494337385,0.0,9.137024657534244,"Chosen structural sensitivity, not country comparable range"
partner,integration,DIO_added_days,10,19.732197136611813,-0.8607543577255719,9.668978630136984,"Chosen structural sensitivity, not country comparable range"
partner,integration,DIO_added_days,20,18.87144277888624,-1.7215087154511437,10.200932602739723,"Chosen structural sensitivity, not country comparable range"
partner,integration,DIO_added_days,40,17.149934063435097,-3.4430174309022874,11.414258498630135,"Chosen structural sensitivity, not country comparable range"
partner,integration,real_hurdle,0.06,30.901796327709693,10.308844833372309,9.137024657534244,"Chosen structural sensitivity, not country comparable range"
partner,integration,real_hurdle,0.08,23.534283268366462,2.941331774029077,9.137024657534244,"Chosen structural sensitivity, not country comparable range"
partner,integration,real_hurdle,0.1,18.039794293120547,-2.5531572012168375,9.137024657534244,"Chosen structural sensitivity, not country comparable range"
partner,integration,real_hurdle,0.12,13.861747226566916,-6.731204267770469,9.137024657534244,"Chosen structural sensitivity, not country comparable range"
partner,integration,real_hurdle,0.16,8.077947311317622,-12.515004183019762,9.137024657534244,"Chosen structural sensitivity, not country comparable range"
partner,fragmented,orders_factor,0.7,-7.721203644059468,-4.1364730569393995,12.229293458739734,"Chosen structural sensitivity, not country comparable range"
partner,fragmented,orders_factor,0.85,-5.638890015144,-2.0541594280239313,12.376301466301378,"Chosen structural sensitivity, not country comparable range"
partner,fragmented,orders_factor,1,-3.5847305871200685,0.0,12.709059419178088,"Chosen structural sensitivity, not country comparable range"
partner,fragmented,orders_factor,1.15,-1.5382926332214981,2.0464379538985704,13.1322183320548,"Chosen structural sensitivity, not country comparable range"
partner,fragmented,orders_factor,1.3,-0.4223452924549811,3.1623852946650874,13.555377244931513,"Chosen structural sensitivity, not country comparable range"
partner,fragmented,price_factor,0.9,-28.82865812019065,-25.243927533070583,67.671798374241,"Chosen structural sensitivity, not country comparable range"
partner,fragmented,price_factor,0.95,-15.001042320132225,-11.416311733012156,23.041278066106283,"Chosen structural sensitivity, not country comparable range"
partner,fragmented,price_factor,1,-3.5847305871200685,0.0,12.709059419178088,"Chosen structural sensitivity, not country comparable range"
partner,fragmented,price_factor,1.05,6.753657303444647,10.338387890564714,11.043184569863016,"Chosen structural sensitivity, not country comparable range"
partner,fragmented,price_factor,1.1,17.083320704213477,20.668051291333548,10.327660273972603,"Chosen structural sensitivity, not country comparable range"
partner,fragmented,cost_factor,0.9,15.723264704335474,19.30799529145554,10.069609315068497,"Chosen structural sensitivity, not country comparable range"
partner,fragmented,cost_factor,0.95,6.073629303505689,9.658359890625757,10.902131598904111,"Chosen structural sensitivity, not country comparable range"
partner,fragmented,cost_factor,1,-3.5847305871200685,0.0,12.709059419178088,"Chosen structural sensitivity, not country comparable range"
partner,fragmented,cost_factor,1.05,-13.990054208568125,-10.405323621448057,19.70548156547337,"Chosen structural sensitivity, not country comparable range"
partner,fragmented,cost_factor,1.1,-26.806681897062543,-23.221951309942476,59.85834105436062,"Chosen structural sensitivity, not country comparable range"
partner,fragmented,capex_factor,0.5,1.1299230902557627,4.714653677375831,8.755059419178089,"Chosen structural sensitivity, not country comparable range"
partner,fragmented,capex_factor,0.75,-1.2268871667995005,2.357843420320568,10.73205941917809,"Chosen structural sensitivity, not country comparable range"
partner,fragmented,capex_factor,1,-3.5847305871200685,0.0,12.709059419178088,"Chosen structural sensitivity, not country comparable range"
partner,fragmented,capex_factor,1.25,-5.944297449496032,-2.3595668623759636,14.70623701917809,"Chosen structural sensitivity, not country comparable range"
partner,fragmented,capex_factor,1.5,-8.310938473679577,-4.726207886559509,16.786237019178092,"Chosen structural sensitivity, not country comparable range"
partner,fragmented,DSO_added_days,-10,-2.9279553987192397,0.6567751884008288,12.049294816438362,"Chosen structural sensitivity, not country comparable range"
partner,fragmented,DSO_added_days,0,-3.5847305871200685,0.0,12.709059419178088,"Chosen structural sensitivity, not country comparable range"
partner,fragmented,DSO_added_days,10,-4.241505775520897,-0.6567751884008288,13.403120477534255,"Chosen structural sensitivity, not country comparable range"
partner,fragmented,DSO_added_days,20,-4.898280963921726,-1.3135503768016576,14.231949759726037,"Chosen structural sensitivity, not country comparable range"
partner,fragmented,DSO_added_days,40,-6.211831340723383,-2.6271007536033144,15.889608324109597,"Chosen structural sensitivity, not country comparable range"
partner,fragmented,DIO_added_days,-10,-2.841437897939515,0.7432926891805534,11.962383517808224,"Chosen structural sensitivity, not country comparable range"
partner,fragmented,DIO_added_days,0,-3.5847305871200685,0.0,12.709059419178088,"Chosen structural sensitivity, not country comparable range"
partner,fragmented,DIO_added_days,10,-4.328023276300622,-0.7432926891805538,13.512302796438366,"Chosen structural sensitivity, not country comparable range"
partner,fragmented,DIO_added_days,20,-5.071315965481175,-1.4865853783611067,14.450314397534259,"Chosen structural sensitivity, not country comparable range"
partner,fragmented,DIO_added_days,40,-6.557901343842281,-2.9731707567222125,16.326337599726035,"Chosen structural sensitivity, not country comparable range"
partner,fragmented,real_hurdle,0.06,3.356751950777414,6.941482537897483,12.709059419178088,"Chosen structural sensitivity, not country comparable range"
partner,fragmented,real_hurdle,0.08,0.2488355016378021,3.8335660887578706,12.709059419178088,"Chosen structural sensitivity, not country comparable range"
partner,fragmented,real_hurdle,0.1,-1.969972158402853,1.6147584287172156,12.709059419178088,"Chosen structural sensitivity, not country comparable range"
partner,fragmented,real_hurdle,0.12,-3.5847305871200685,0.0,12.709059419178088,"Chosen structural sensitivity, not country comparable range"
partner,fragmented,real_hurdle,0.16,-5.6817949864588435,-2.097064399338775,12.709059419178088,"Chosen structural sensitivity, not country comparable range"
partner,physical,orders_factor,0.7,-18.73563412117095,-1.3406327043892468,36.13118997405738,"Chosen structural sensitivity, not country comparable range"
partner,physical,orders_factor,0.85,-18.065317768976325,-0.6703163521946216,31.83930211135539,"Chosen structural sensitivity, not country comparable range"
partner,physical,orders_factor,1,-17.395001416781703,0.0,27.95674091083143,"Chosen structural sensitivity, not country comparable range"
partner,physical,orders_factor,1.15,-16.814589910996478,0.580411505785225,24.854316532474325,"Chosen structural sensitivity, not country comparable range"
partner,physical,orders_factor,1.3,-16.711959781098813,0.6830416356828906,24.5265291747943,"Chosen structural sensitivity, not country comparable range"
partner,physical,price_factor,0.9,-43.01555740764262,-25.620555990860915,112.05063948322508,"Chosen structural sensitivity, not country comparable range"
partner,physical,price_factor,0.95,-30.205279412212168,-12.810277995430464,69.79902686593924,"Chosen structural sensitivity, not country comparable range"
partner,physical,price_factor,1,-17.395001416781703,0.0,27.95674091083143,"Chosen structural sensitivity, not country comparable range"
partner,physical,price_factor,1.05,-6.455419942593999,10.939581474187705,14.653196421109573,"Chosen structural sensitivity, not country comparable range"
partner,physical,price_factor,1.1,3.1213322437404525,20.516333660522157,12.737449801643823,"Chosen structural sensitivity, not country comparable range"
partner,physical,cost_factor,0.9,2.968641441499627,20.36364285828133,12.15823451178082,"Chosen structural sensitivity, not country comparable range"
partner,physical,cost_factor,0.95,-6.534898616309144,10.860102800472559,14.329280477164374,"Chosen structural sensitivity, not country comparable range"
partner,physical,cost_factor,1,-17.395001416781703,0.0,27.95674091083143,"Chosen structural sensitivity, not country comparable range"
partner,physical,cost_factor,1.05,-29.981840628147335,-12.586839211365632,68.3683975783721,"Chosen structural sensitivity, not country comparable range"
partner,physical,cost_factor,1.1,-42.568679839512924,-25.17367842273122,109.1893809080906,"Chosen structural sensitivity, not country comparable range"
partner,physical,capex_factor,0.5,-11.874878855066653,5.52012256171505,16.676740910831416,"Chosen structural sensitivity, not country comparable range"
partner,physical,capex_factor,0.75,-14.634940135924179,2.7600612808575242,22.316740910831424,"Chosen structural sensitivity, not country comparable range"
partner,physical,capex_factor,1,-17.395001416781703,0.0,27.95674091083143,"Chosen structural sensitivity, not country comparable range"
partner,physical,capex_factor,1.25,-20.15506269763923,-2.7600612808575278,33.596740910831414,"Chosen structural sensitivity, not country comparable range"
partner,physical,capex_factor,1.5,-22.91512397849676,-5.5201225617150556,39.236740910831436,"Chosen structural sensitivity, not country comparable range"
partner,physical,DSO_added_days,-10,-16.78509864567273,0.609902771108974,27.13752273086784,"Chosen structural sensitivity, not country comparable range"
partner,physical,DSO_added_days,0,-17.395001416781703,0.0,27.95674091083143,"Chosen structural sensitivity, not country comparable range"
partner,physical,DSO_added_days,10,-18.00490418789068,-0.6099027711089775,28.775959090795023,"Chosen structural sensitivity, not country comparable range"
partner,physical,DSO_added_days,20,-18.614806958999655,-1.2198055422179515,29.595177270758615,"Chosen structural sensitivity, not country comparable range"
partner,physical,DSO_added_days,40,-19.834612501217602,-2.4396110844358994,31.233613630685788,"Chosen structural sensitivity, not country comparable range"
partner,physical,DIO_added_days,-10,-16.667145751260147,0.727855665521556,26.979089026252243,"Chosen structural sensitivity, not country comparable range"
partner,physical,DIO_added_days,0,-17.395001416781703,0.0,27.95674091083143,"Chosen structural sensitivity, not country comparable range"
partner,physical,DIO_added_days,10,-18.122857082303266,-0.7278556655215631,28.93439279541063,"Chosen structural sensitivity, not country comparable range"
partner,physical,DIO_added_days,20,-18.850712747824822,-1.4557113310431191,29.912044679989805,"Chosen structural sensitivity, not country comparable range"
partner,physical,DIO_added_days,40,-20.30642407886794,-2.9114226620862382,31.867348449148196,"Chosen structural sensitivity, not country comparable range"
partner,physical,real_hurdle,0.06,-18.836436208826417,-1.4414347920447135,27.95674091083143,"Chosen structural sensitivity, not country comparable range"
partner,physical,real_hurdle,0.08,-18.38544556085616,-0.9904441440744556,27.95674091083143,"Chosen structural sensitivity, not country comparable range"
partner,physical,real_hurdle,0.1,-17.88943134565877,-0.49442992887706794,27.95674091083143,"Chosen structural sensitivity, not country comparable range"
partner,physical,real_hurdle,0.12,-17.395001416781703,0.0,27.95674091083143,"Chosen structural sensitivity, not country comparable range"
partner,physical,real_hurdle,0.16,-16.485177833056504,0.9098235837251991,27.95674091083143,"Chosen structural sensitivity, not country comparable range"
partner,squeeze,orders_factor,0.7,-12.369897066357398,-2.544948367749008,19.487363463013793,"Chosen structural sensitivity, not country comparable range"
partner,squeeze,orders_factor,0.85,-10.938648333134752,-1.1136996345263626,14.21318134794524,"Chosen structural sensitivity, not country comparable range"
partner,squeeze,orders_factor,1,-9.82494869860839,0.0,14.232439232876722,"Chosen structural sensitivity, not country comparable range"
partner,squeeze,orders_factor,1.15,-8.936628484753196,0.8883202138551933,14.581642317808232,"Chosen structural sensitivity, not country comparable range"
partner,squeeze,orders_factor,1.3,-8.066947317017199,1.7580013815911908,15.089117402739737,"Chosen structural sensitivity, not country comparable range"
partner,squeeze,price_factor,0.9,-29.59966035390865,-19.77471165530026,78.99851594520567,"Chosen structural sensitivity, not country comparable range"
partner,squeeze,price_factor,0.95,-19.55352997691036,-9.728581278301972,41.3643575890412,"Chosen structural sensitivity, not country comparable range"
partner,squeeze,price_factor,1,-9.82494869860839,0.0,14.232439232876722,"Chosen structural sensitivity, not country comparable range"
partner,squeeze,price_factor,1.05,-2.264429203193612,7.560519495414778,12.071744301369872,"Chosen structural sensitivity, not country comparable range"
partner,squeeze,price_factor,1.1,5.2334810042461966,15.058429702854585,10.766657260273973,"Chosen structural sensitivity, not country comparable range"
partner,squeeze,cost_factor,0.9,4.664532092942719,14.48948079155111,10.477893698630139,"Chosen structural sensitivity, not country comparable range"
partner,squeeze,cost_factor,0.95,-2.5505555209567157,7.274393177651675,11.886735452054793,"Chosen structural sensitivity, not country comparable range"
partner,squeeze,cost_factor,1,-9.82494869860839,0.0,14.232439232876722,"Chosen structural sensitivity, not country comparable range"
partner,squeeze,cost_factor,1.05,-19.07644706583612,-9.25149836722773,38.886867550684904,"Chosen structural sensitivity, not country comparable range"
partner,squeeze,cost_factor,1.1,-28.64549453176019,-18.820545833151797,74.04353586849325,"Chosen structural sensitivity, not country comparable range"
partner,squeeze,capex_factor,0.5,-5.298408817464585,4.526539881143805,10.146167232876719,"Chosen structural sensitivity, not country comparable range"
partner,squeeze,capex_factor,0.75,-7.552547563871496,2.272401134736894,12.112439232876724,"Chosen structural sensitivity, not country comparable range"
partner,squeeze,capex_factor,1,-9.82494869860839,0.0,14.232439232876722,"Chosen structural sensitivity, not country comparable range"
partner,squeeze,capex_factor,1.25,-12.180186903554201,-2.3552382049458114,16.35243923287672,"Chosen structural sensitivity, not country comparable range"
partner,squeeze,capex_factor,1.5,-14.70198422509118,-4.877035526482791,19.244919232876747,"Chosen structural sensitivity, not country comparable range"
partner,squeeze,DSO_added_days,-10,-9.276629239513555,0.5483194590948344,13.520724164383571,"Chosen structural sensitivity, not country comparable range"
partner,squeeze,DSO_added_days,0,-9.82494869860839,0.0,14.232439232876722,"Chosen structural sensitivity, not country comparable range"
partner,squeeze,DSO_added_days,10,-10.373268157703226,-0.5483194590948361,14.944154301369872,"Chosen structural sensitivity, not country comparable range"
partner,squeeze,DSO_added_days,20,-10.92158761679806,-1.0966389181896705,15.655869369863026,"Chosen structural sensitivity, not country comparable range"
partner,squeeze,DSO_added_days,40,-12.018226534987729,-2.1932778363793393,17.079299506849324,"Chosen structural sensitivity, not country comparable range"
partner,squeeze,DIO_added_days,-10,-9.191335101432138,0.633613597176252,13.41001293150686,"Chosen structural sensitivity, not country comparable range"
partner,squeeze,DIO_added_days,0,-9.82494869860839,0.0,14.232439232876722,"Chosen structural sensitivity, not country comparable range"
partner,squeeze,DIO_added_days,10,-10.458562295784642,-0.633613597176252,15.054865534246584,"Chosen structural sensitivity, not country comparable range"
partner,squeeze,DIO_added_days,20,-11.092175892960897,-1.2672271943525075,15.877291835616447,"Chosen structural sensitivity, not country comparable range"
partner,squeeze,DIO_added_days,40,-12.359403087313407,-2.534454388705017,17.52214443835618,"Chosen structural sensitivity, not country comparable range"
partner,squeeze,real_hurdle,0.06,-6.960692657071915,2.864256041536475,14.232439232876722,"Chosen structural sensitivity, not country comparable range"
partner,squeeze,real_hurdle,0.08,-8.14748590325096,1.67746279535743,14.232439232876722,"Chosen structural sensitivity, not country comparable range"
partner,squeeze,real_hurdle,0.1,-8.93668335829177,0.8882653403166199,14.232439232876722,"Chosen structural sensitivity, not country comparable range"
partner,squeeze,real_hurdle,0.12,-9.466822021793615,0.3581266768147753,14.232439232876722,"Chosen structural sensitivity, not country comparable range"
partner,squeeze,real_hurdle,0.16,-10.066662642306486,-0.2417139436980964,14.232439232876722,"Chosen structural sensitivity, not country comparable range"
partner,nutrition,orders_factor,0.7,1.4477923935917225,-8.62331204436957,10.156058208000003,"Chosen structural sensitivity, not country comparable range"
partner,nutrition,orders_factor,0.85,5.766317379904673,-4.304787058056619,10.228927824000001,"Chosen structural sensitivity, not country comparable range"
partner,nutrition,orders_factor,1,10.071104437961292,0.0,10.38084,"Chosen structural sensitivity, not country comparable range"
partner,nutrition,orders_factor,1.15,12.539858843824021,2.468754405862729,10.601466000000006,"Chosen structural sensitivity, not country comparable range"
partner,nutrition,orders_factor,1.3,13.073670992884875,3.0025665549235825,10.822092000000001,"Chosen structural sensitivity, not country comparable range"
partner,nutrition,price_factor,0.9,-21.051527067046106,-31.122631505007398,39.41489967126269,"Chosen structural sensitivity, not country comparable range"
partner,nutrition,price_factor,0.95,-4.082129442361415,-14.153233880322707,12.300299726027394,"Chosen structural sensitivity, not country comparable range"
partner,nutrition,price_factor,1,10.071104437961292,0.0,10.38084,"Chosen structural sensitivity, not country comparable range"
partner,nutrition,price_factor,1.05,24.205120464039112,14.13401602607782,9.684997397260272,"Chosen structural sensitivity, not country comparable range"
partner,nutrition,price_factor,1.1,38.339136490116935,28.268032052155643,8.989154794520545,"Chosen structural sensitivity, not country comparable range"
partner,nutrition,cost_factor,0.9,35.46527521217741,25.394170774216118,8.842070794520549,"Chosen structural sensitivity, not country comparable range"
partner,nutrition,cost_factor,0.95,22.768189825069385,12.697085387108093,9.611455397260272,"Chosen structural sensitivity, not country comparable range"
partner,nutrition,cost_factor,1,10.071104437961292,0.0,10.38084,"Chosen structural sensitivity, not country comparable range"
partner,nutrition,cost_factor,1.05,-2.636399337726779,-12.707503775688071,12.242138510027393,"Chosen structural sensitivity, not country comparable range"
partner,nutrition,cost_factor,1.1,-17.034784915974825,-27.105889353936117,27.59463125278813,"Chosen structural sensitivity, not country comparable range"
partner,nutrition,capex_factor,0.5,15.075110519982617,5.004006082021325,6.402839999999999,"Chosen structural sensitivity, not country comparable range"
partner,nutrition,capex_factor,0.75,12.573107478971954,2.5020030410106617,8.391839999999998,"Chosen structural sensitivity, not country comparable range"
partner,nutrition,capex_factor,1,10.071104437961292,0.0,10.38084,"Chosen structural sensitivity, not country comparable range"
partner,nutrition,capex_factor,1.25,7.569101396950629,-2.5020030410106635,12.36984,"Chosen structural sensitivity, not country comparable range"
partner,nutrition,capex_factor,1.5,5.067098355939965,-5.004006082021327,14.358839999999999,"Chosen structural sensitivity, not country comparable range"
partner,nutrition,DSO_added_days,-10,10.831078878312017,0.7599744403507245,9.920303013698629,"Chosen structural sensitivity, not country comparable range"
partner,nutrition,DSO_added_days,0,10.071104437961292,0.0,10.38084,"Chosen structural sensitivity, not country comparable range"
partner,nutrition,DSO_added_days,10,9.311129997610564,-0.759974440350728,11.04602520986301,"Chosen structural sensitivity, not country comparable range"
partner,nutrition,DSO_added_days,20,8.55115555725984,-1.5199488807014525,11.790252979726024,"Chosen structural sensitivity, not country comparable range"
partner,nutrition,DSO_added_days,40,7.03120667655839,-3.0398977614029024,13.278708519452053,"Chosen structural sensitivity, not country comparable range"
partner,nutrition,DIO_added_days,-10,10.907076322347088,0.8359718843857955,9.874249315068493,"Chosen structural sensitivity, not country comparable range"
partner,nutrition,DIO_added_days,0,10.071104437961292,0.0,10.38084,"Chosen structural sensitivity, not country comparable range"
partner,nutrition,DIO_added_days,10,9.235132553575493,-0.8359718843857991,11.120447986849314,"Chosen structural sensitivity, not country comparable range"
partner,nutrition,DIO_added_days,20,8.399160669189694,-1.6719437687715981,11.939098533698626,"Chosen structural sensitivity, not country comparable range"
partner,nutrition,DIO_added_days,40,6.727216900418099,-3.3438875375431936,13.576399627397258,"Chosen structural sensitivity, not country comparable range"
partner,nutrition,real_hurdle,0.06,20.583270195424664,10.512165757463372,10.38084,"Chosen structural sensitivity, not country comparable range"
partner,nutrition,real_hurdle,0.08,14.517849303279064,4.446744865317772,10.38084,"Chosen structural sensitivity, not country comparable range"
partner,nutrition,real_hurdle,0.1,10.071104437961292,0.0,10.38084,"Chosen structural sensitivity, not country comparable range"
partner,nutrition,real_hurdle,0.12,6.746423490157045,-3.3246809478042474,10.38084,"Chosen structural sensitivity, not country comparable range"
partner,nutrition,real_hurdle,0.16,2.2521847112710205,-7.818919726690272,10.38084,"Chosen structural sensitivity, not country comparable range"
plant,managed,orders_factor,0.7,-13.077306385462172,-11.277364444986741,22.886871232876715,"Chosen structural sensitivity, not country comparable range"
plant,managed,orders_factor,0.85,-7.365718702420116,-5.565776761944685,22.539726027397258,"Chosen structural sensitivity, not country comparable range"
plant,managed,orders_factor,1,-1.7999419404754313,0.0,22.564383561643837,"Chosen structural sensitivity, not country comparable range"
plant,managed,orders_factor,1.15,3.7432828697583123,5.543224810233744,22.589041095890412,"Chosen structural sensitivity, not country comparable range"
plant,managed,orders_factor,1.3,8.605569990864364,10.405511931339795,22.613698630136987,"Chosen structural sensitivity, not country comparable range"
plant,managed,price_factor,0.9,-34.21741544857935,-32.417473508103924,59.560473155675375,"Chosen structural sensitivity, not country comparable range"
plant,managed,price_factor,0.95,-16.112477996755963,-14.312536056280532,24.566378082191783,"Chosen structural sensitivity, not country comparable range"
plant,managed,price_factor,1,-1.7999419404754313,0.0,22.564383561643837,"Chosen structural sensitivity, not country comparable range"
plant,managed,price_factor,1.05,12.185321759344927,13.985263699820358,21.64109589041096,"Chosen structural sensitivity, not country comparable range"
plant,managed,price_factor,1.1,26.146092596655947,27.94603453713138,20.95780821917808,"Chosen structural sensitivity, not country comparable range"
plant,managed,cost_factor,0.9,22.459913171451227,24.259855111926658,20.8663698630137,"Chosen structural sensitivity, not country comparable range"
plant,managed,cost_factor,0.95,10.33913287318887,12.139074813664301,21.632876712328766,"Chosen structural sensitivity, not country comparable range"
plant,managed,cost_factor,1,-1.7999419404754313,0.0,22.564383561643837,"Chosen structural sensitivity, not country comparable range"
plant,managed,cost_factor,1.05,-14.086003306323693,-12.286061365848262,24.429726027397265,"Chosen structural sensitivity, not country comparable range"
plant,managed,cost_factor,1.1,-29.122122528269028,-27.322180587793596,46.45165861729528,"Chosen structural sensitivity, not country comparable range"
plant,managed,capex_factor,0.5,10.73580579650876,12.535747736984192,12.364383561643836,"Chosen structural sensitivity, not country comparable range"
plant,managed,capex_factor,0.75,4.470261003899463,6.270202944374894,17.464383561643835,"Chosen structural sensitivity, not country comparable range"
plant,managed,capex_factor,1,-1.7999419404754313,0.0,22.564383561643837,"Chosen structural sensitivity, not country comparable range"
plant,managed,capex_factor,1.25,-8.084833089207947,-6.284891148732516,27.664383561643834,"Chosen structural sensitivity, not country comparable range"
plant,managed,capex_factor,1.5,-14.396266990702015,-12.596325050226584,32.76438356164384,"Chosen structural sensitivity, not country comparable range"
plant,managed,DSO_added_days,-10,-1.050281597462421,0.7496603430130104,22.126027397260273,"Chosen structural sensitivity, not country comparable range"
plant,managed,DSO_added_days,0,-1.7999419404754313,0.0,22.564383561643837,"Chosen structural sensitivity, not country comparable range"
plant,managed,DSO_added_days,10,-2.549602283488438,-0.7496603430130069,23.002739726027396,"Chosen structural sensitivity, not country comparable range"
plant,managed,DSO_added_days,20,-3.299262626501447,-1.4993206860260155,23.490739726027403,"Chosen structural sensitivity, not country comparable range"
plant,managed,DSO_added_days,40,-4.798583312527465,-2.9986413720520337,24.914520547945212,"Chosen structural sensitivity, not country comparable range"
plant,managed,DIO_added_days,-10,-1.0034278260241098,0.7965141144513215,22.0986301369863,"Chosen structural sensitivity, not country comparable range"
plant,managed,DIO_added_days,0,-1.7999419404754313,0.0,22.564383561643837,"Chosen structural sensitivity, not country comparable range"
plant,managed,DIO_added_days,10,-2.596456054926751,-0.7965141144513197,23.030136986301372,"Chosen structural sensitivity, not country comparable range"
plant,managed,DIO_added_days,20,-3.3929701693780725,-1.5930282289026412,23.579726027397264,"Chosen structural sensitivity, not country comparable range"
plant,managed,DIO_added_days,40,-4.985998398280716,-3.186056457805285,25.092493150684938,"Chosen structural sensitivity, not country comparable range"
plant,managed,real_hurdle,0.06,7.815187907859411,9.615129848334842,22.564383561643837,"Chosen structural sensitivity, not country comparable range"
plant,managed,real_hurdle,0.08,2.2574666922401203,4.057408632715552,22.564383561643837,"Chosen structural sensitivity, not country comparable range"
plant,managed,real_hurdle,0.1,-1.7999419404754313,0.0,22.564383561643837,"Chosen structural sensitivity, not country comparable range"
plant,managed,real_hurdle,0.12,-4.822253150590053,-3.022311210114622,22.564383561643837,"Chosen structural sensitivity, not country comparable range"
plant,managed,real_hurdle,0.16,-8.888714189098355,-7.088772248622924,22.564383561643837,"Chosen structural sensitivity, not country comparable range"
plant,integration,orders_factor,0.7,-2.002353999854673,-15.88181578062862,21.91811397260274,"Chosen structural sensitivity, not country comparable range"
plant,integration,orders_factor,0.85,6.264682556980858,-7.614779223793089,21.82342410958904,"Chosen structural sensitivity, not country comparable range"
plant,integration,orders_factor,1,13.879461780773948,0.0,21.728734246575343,"Chosen structural sensitivity, not country comparable range"
plant,integration,orders_factor,1.15,18.64169796733259,4.762236186558642,21.68215438356164,"Chosen structural sensitivity, not country comparable range"
plant,integration,orders_factor,1.3,20.710802884544677,6.831341103770729,21.724174520547944,"Chosen structural sensitivity, not country comparable range"
plant,integration,price_factor,0.9,-24.725680729013078,-38.60514250978703,34.913170006146075,"Chosen structural sensitivity, not country comparable range"
plant,integration,price_factor,0.95,-4.380070554255447,-18.259532335029395,22.875148273972595,"Chosen structural sensitivity, not country comparable range"
plant,integration,price_factor,1,13.879461780773948,0.0,21.728734246575343,"Chosen structural sensitivity, not country comparable range"
plant,integration,price_factor,1.05,32.09833161347733,18.21886983270338,20.87377808219178,"Chosen structural sensitivity, not country comparable range"
plant,integration,price_factor,1.1,50.310489889914464,36.43102810914051,20.107421917808214,"Chosen structural sensitivity, not country comparable range"
plant,integration,cost_factor,0.9,44.884276737940525,31.004814957166577,20.079408493150684,"Chosen structural sensitivity, not country comparable range"
plant,integration,cost_factor,0.95,29.385225037490407,15.50576325671646,20.85977136986301,"Chosen structural sensitivity, not country comparable range"
plant,integration,cost_factor,1,13.879461780773948,0.0,21.728734246575343,"Chosen structural sensitivity, not country comparable range"
plant,integration,cost_factor,1.05,-1.6528320408950776,-15.532293821669025,22.74352712328767,"Chosen structural sensitivity, not country comparable range"
plant,integration,cost_factor,1.1,-17.710935935745916,-31.590397716519863,26.328646947607965,"Chosen structural sensitivity, not country comparable range"
plant,integration,capex_factor,0.5,26.85455641875243,12.975094637978483,11.695134246575341,"Chosen structural sensitivity, not country comparable range"
plant,integration,capex_factor,0.75,20.370364877896346,6.490903097122398,16.66763424657534,"Chosen structural sensitivity, not country comparable range"
plant,integration,capex_factor,1,13.879461780773948,0.0,21.728734246575343,"Chosen structural sensitivity, not country comparable range"
plant,integration,capex_factor,1.25,7.385611961995139,-6.493849818778809,26.82873424657534,"Chosen structural sensitivity, not country comparable range"
plant,integration,capex_factor,1.5,0.8834987298101353,-12.995963050963812,31.92873424657534,"Chosen structural sensitivity, not country comparable range"
plant,integration,DSO_added_days,-10,14.767455971643763,0.887994190869815,21.237775342465753,"Chosen structural sensitivity, not country comparable range"
plant,integration,DSO_added_days,0,13.879461780773948,0.0,21.728734246575343,"Chosen structural sensitivity, not country comparable range"
plant,integration,DSO_added_days,10,12.991467589904133,-0.887994190869815,22.219693150684932,"Chosen structural sensitivity, not country comparable range"
plant,integration,DSO_added_days,20,12.103473399034321,-1.7759883817396265,22.71065205479452,"Chosen structural sensitivity, not country comparable range"
plant,integration,DSO_added_days,40,10.327485017294691,-3.5519767634792565,23.6925698630137,"Chosen structural sensitivity, not country comparable range"
plant,integration,DIO_added_days,-10,14.808803201156138,0.9293414203821904,21.21491506849315,"Chosen structural sensitivity, not country comparable range"
plant,integration,DIO_added_days,0,13.879461780773948,0.0,21.728734246575343,"Chosen structural sensitivity, not country comparable range"
plant,integration,DIO_added_days,10,12.950120360391761,-0.9293414203821868,22.242553424657533,"Chosen structural sensitivity, not country comparable range"
plant,integration,DIO_added_days,20,12.02077894000957,-1.8586828407643772,22.756372602739724,"Chosen structural sensitivity, not country comparable range"
plant,integration,DIO_added_days,40,10.16209609924519,-3.717365681528758,23.805873972602736,"Chosen structural sensitivity, not country comparable range"
plant,integration,real_hurdle,0.06,26.585995931405606,12.706534150631658,21.728734246575343,"Chosen structural sensitivity, not country comparable range"
plant,integration,real_hurdle,0.08,17.48004937623481,3.600587595460862,21.728734246575343,"Chosen structural sensitivity, not country comparable range"
plant,integration,real_hurdle,0.1,10.773803846150056,-3.105657934623892,21.728734246575343,"Chosen structural sensitivity, not country comparable range"
plant,integration,real_hurdle,0.12,5.739084131686511,-8.140377649087437,21.728734246575343,"Chosen structural sensitivity, not country comparable range"
plant,integration,real_hurdle,0.16,-1.1025752703114602,-14.982037051085408,21.728734246575343,"Chosen structural sensitivity, not country comparable range"
plant,fragmented,orders_factor,0.7,-25.087225657873333,-7.883278008287512,39.32458454914031,"Chosen structural sensitivity, not country comparable range"
plant,fragmented,orders_factor,0.85,-20.851162829892477,-3.647215180306656,28.02286987428027,"Chosen structural sensitivity, not country comparable range"
plant,fragmented,orders_factor,1,-17.20394764958582,0.0,25.97873621917809,"Chosen structural sensitivity, not country comparable range"
plant,fragmented,orders_factor,1.15,-14.164372468136067,3.039575181449754,26.0955466520548,"Chosen structural sensitivity, not country comparable range"
plant,fragmented,orders_factor,1.3,-11.210593434633985,5.993354214951836,26.212357084931504,"Chosen structural sensitivity, not country comparable range"
plant,fragmented,price_factor,0.9,-44.270331602028534,-27.066383952442713,95.93490650634996,"Chosen structural sensitivity, not country comparable range"
plant,fragmented,price_factor,0.95,-30.442715801970113,-13.238768152384292,51.68375743467838,"Chosen structural sensitivity, not country comparable range"
plant,fragmented,price_factor,1,-17.20394764958582,0.0,25.97873621917809,"Chosen structural sensitivity, not country comparable range"
plant,fragmented,price_factor,1.05,-6.702097979333128,10.501849670252692,23.714409369863013,"Chosen structural sensitivity, not country comparable range"
plant,fragmented,price_factor,1.1,3.6499506255173326,20.853898275103155,22.8782602739726,"Chosen structural sensitivity, not country comparable range"
plant,fragmented,cost_factor,0.9,1.6981424305325863,18.902090080118406,22.683749315068496,"Chosen structural sensitivity, not country comparable range"
plant,fragmented,cost_factor,0.95,-7.683533241411857,9.520414408173963,23.663652558904122,"Chosen structural sensitivity, not country comparable range"
plant,fragmented,cost_factor,1,-17.20394764958582,0.0,25.97873621917809,"Chosen structural sensitivity, not country comparable range"
plant,fragmented,cost_factor,1.05,-29.03069485930981,-11.82674720972399,47.16408490247406,"Chosen structural sensitivity, not country comparable range"
plant,fragmented,cost_factor,1.1,-41.44628971670804,-24.242342067122216,85.37975999968056,"Chosen structural sensitivity, not country comparable range"
plant,fragmented,capex_factor,0.5,-5.272057420809576,11.931890228776245,15.578736219178085,"Chosen structural sensitivity, not country comparable range"
plant,fragmented,capex_factor,0.75,-11.196452269569228,6.007495380016593,20.778736219178086,"Chosen structural sensitivity, not country comparable range"
plant,fragmented,capex_factor,1,-17.20394764958582,0.0,25.97873621917809,"Chosen structural sensitivity, not country comparable range"
plant,fragmented,capex_factor,1.25,-23.581891781785444,-6.377944132199623,31.521023381506193,"Chosen structural sensitivity, not country comparable range"
plant,fragmented,capex_factor,1.5,-30.415406406199267,-13.211458756613446,41.12102338150619,"Chosen structural sensitivity, not country comparable range"
plant,fragmented,DSO_added_days,-10,-16.547172461184992,0.6567751884008288,25.31897161643836,"Chosen structural sensitivity, not country comparable range"
plant,fragmented,DSO_added_days,0,-17.20394764958582,0.0,25.97873621917809,"Chosen structural sensitivity, not country comparable range"
plant,fragmented,DSO_added_days,10,-17.86072283798665,-0.6567751884008288,26.638500821917813,"Chosen structural sensitivity, not country comparable range"
plant,fragmented,DSO_added_days,20,-18.517498026387475,-1.313550376801654,27.29826542465754,"Chosen structural sensitivity, not country comparable range"
plant,fragmented,DSO_added_days,40,-19.831048403189133,-2.6271007536033117,28.918343754109596,"Chosen structural sensitivity, not country comparable range"
plant,fragmented,DIO_added_days,-10,-16.485994483900058,0.7179531656857634,25.257515178082194,"Chosen structural sensitivity, not country comparable range"
plant,fragmented,DIO_added_days,0,-17.20394764958582,0.0,25.97873621917809,"Chosen structural sensitivity, not country comparable range"
plant,fragmented,DIO_added_days,10,-17.92190081527158,-0.7179531656857598,26.699957260273976,"Chosen structural sensitivity, not country comparable range"
plant,fragmented,DIO_added_days,20,-18.639853980957344,-1.4359063313715232,27.421178301369867,"Chosen structural sensitivity, not country comparable range"
plant,fragmented,DIO_added_days,40,-20.075760312328867,-2.8718126627430465,29.227162356849323,"Chosen structural sensitivity, not country comparable range"
plant,fragmented,real_hurdle,0.06,-12.60688340784211,4.597064241743711,25.97873621917809,"Chosen structural sensitivity, not country comparable range"
plant,fragmented,real_hurdle,0.08,-14.703498886019233,2.500448763566588,25.97873621917809,"Chosen structural sensitivity, not country comparable range"
plant,fragmented,real_hurdle,0.1,-16.1652106969822,1.038736952603621,25.97873621917809,"Chosen structural sensitivity, not country comparable range"
plant,fragmented,real_hurdle,0.12,-17.20394764958582,0.0,25.97873621917809,"Chosen structural sensitivity, not country comparable range"
plant,fragmented,real_hurdle,0.16,-18.50520220761276,-1.3012545580269403,25.97873621917809,"Chosen structural sensitivity, not country comparable range"
plant,physical,orders_factor,0.7,-36.996464394201595,-3.7043007309094804,73.95444401996158,"Chosen structural sensitivity, not country comparable range"
plant,physical,orders_factor,0.85,-35.144314028746855,-1.8521503654547402,65.63039630995335,"Chosen structural sensitivity, not country comparable range"
plant,physical,orders_factor,1,-33.292163663292115,0.0,57.89763621465281,"Chosen structural sensitivity, not country comparable range"
plant,physical,orders_factor,1.15,-31.44001329783737,1.8521503654547438,50.87728164685077,"Chosen structural sensitivity, not country comparable range"
plant,physical,orders_factor,1.3,-29.587862932382635,3.7043007309094804,43.856927079048695,"Chosen structural sensitivity, not country comparable range"
plant,physical,price_factor,0.9,-58.91271965415302,-25.620555990860908,141.80957383451678,"Chosen structural sensitivity, not country comparable range"
plant,physical,price_factor,0.95,-46.10244165872257,-12.810277995430454,99.55796121723094,"Chosen structural sensitivity, not country comparable range"
plant,physical,price_factor,1,-33.292163663292115,0.0,57.89763621465281,"Chosen structural sensitivity, not country comparable range"
plant,physical,price_factor,1.05,-20.655203610791418,12.636960052500697,27.987819543917787,"Chosen structural sensitivity, not country comparable range"
plant,physical,price_factor,1.1,-10.687699168389022,22.60446449490309,25.618763598904092,"Chosen structural sensitivity, not country comparable range"
plant,physical,cost_factor,0.9,-11.427603199365015,21.8645604639271,25.18027324931506,"Chosen structural sensitivity, not country comparable range"
plant,physical,cost_factor,0.95,-21.165182326811237,12.126981336480878,28.172895254394025,"Chosen structural sensitivity, not country comparable range"
plant,physical,cost_factor,1,-33.292163663292115,0.0,57.89763621465281,"Chosen structural sensitivity, not country comparable range"
plant,physical,cost_factor,1.05,-45.485058203571,-12.192894540278886,96.78327864722826,"Chosen structural sensitivity, not country comparable range"
plant,physical,cost_factor,1.1,-57.677952743849936,-24.38578908055782,136.26020869451153,"Chosen structural sensitivity, not country comparable range"
plant,physical,capex_factor,0.5,-19.49185725900448,13.800306404287635,29.697636214652793,"Chosen structural sensitivity, not country comparable range"
plant,physical,capex_factor,0.75,-26.392010461148296,6.900153202143819,43.797636214652826,"Chosen structural sensitivity, not country comparable range"
plant,physical,capex_factor,1,-33.292163663292115,0.0,57.89763621465281,"Chosen structural sensitivity, not country comparable range"
plant,physical,capex_factor,1.25,-40.19231686543593,-6.900153202143812,71.9976362146528,"Chosen structural sensitivity, not country comparable range"
plant,physical,capex_factor,1.5,-47.09247006757974,-13.800306404287625,86.1106811755894,"Chosen structural sensitivity, not country comparable range"
plant,physical,DSO_added_days,-10,-32.68226089218314,0.6099027711089775,57.07841803468921,"Chosen structural sensitivity, not country comparable range"
plant,physical,DSO_added_days,0,-33.292163663292115,0.0,57.89763621465281,"Chosen structural sensitivity, not country comparable range"
plant,physical,DSO_added_days,10,-33.902066434401085,-0.6099027711089704,58.716854394616405,"Chosen structural sensitivity, not country comparable range"
plant,physical,DSO_added_days,20,-34.511969205510056,-1.2198055422179408,59.536072574580004,"Chosen structural sensitivity, not country comparable range"
plant,physical,DSO_added_days,40,-35.73177474772801,-2.439611084435896,61.17450893450717,"Chosen structural sensitivity, not country comparable range"
plant,physical,DIO_added_days,-10,-32.58912125909515,0.7030424041969638,56.95331337159337,"Chosen structural sensitivity, not country comparable range"
plant,physical,DIO_added_days,0,-33.292163663292115,0.0,57.89763621465281,"Chosen structural sensitivity, not country comparable range"
plant,physical,DIO_added_days,10,-33.99520606748907,-0.7030424041969567,58.84195905771226,"Chosen structural sensitivity, not country comparable range"
plant,physical,DIO_added_days,20,-34.69824847168603,-1.4060848083939135,59.786281900771705,"Chosen structural sensitivity, not country comparable range"
plant,physical,DIO_added_days,40,-36.104333280079956,-2.812169616787841,61.6749275868906,"Chosen structural sensitivity, not country comparable range"
plant,physical,real_hurdle,0.06,-38.52134894301748,-5.229185279725364,57.89763621465281,"Chosen structural sensitivity, not country comparable range"
plant,physical,real_hurdle,0.08,-36.451764505102716,-3.159600841810601,57.89763621465281,"Chosen structural sensitivity, not country comparable range"
plant,physical,real_hurdle,0.1,-34.73041412383521,-1.4382504605430952,57.89763621465281,"Chosen structural sensitivity, not country comparable range"
plant,physical,real_hurdle,0.12,-33.292163663292115,0.0,57.89763621465281,"Chosen structural sensitivity, not country comparable range"
plant,physical,real_hurdle,0.16,-31.054109362032257,2.238054301259858,57.89763621465281,"Chosen structural sensitivity, not country comparable range"
plant,squeeze,orders_factor,0.7,-29.58827380133495,-4.636198689838885,57.091892821917824,"Chosen structural sensitivity, not country comparable range"
plant,squeeze,orders_factor,0.85,-27.270174456415504,-2.318099344919439,47.54885271232884,"Chosen structural sensitivity, not country comparable range"
plant,squeeze,orders_factor,1,-24.952075111496065,0.0,38.204532602739775,"Chosen structural sensitivity, not country comparable range"
plant,squeeze,orders_factor,1.15,-22.633975766576647,2.3180993449194176,29.84341249315076,"Chosen structural sensitivity, not country comparable range"
plant,squeeze,orders_factor,1.3,-20.50763619581125,4.444438915684813,27.873012383561644,"Chosen structural sensitivity, not country comparable range"
plant,squeeze,price_factor,0.9,-45.0443358654926,-20.092260753996534,110.54244931506871,"Chosen structural sensitivity, not country comparable range"
plant,squeeze,price_factor,0.95,-34.998205488494314,-10.04613037699825,72.9082909589042,"Chosen structural sensitivity, not country comparable range"
plant,squeeze,price_factor,1,-24.952075111496065,0.0,38.204532602739775,"Chosen structural sensitivity, not country comparable range"
plant,squeeze,price_factor,1.05,-15.819647958490442,9.132427153005622,25.152915397260276,"Chosen structural sensitivity, not country comparable range"
plant,squeeze,price_factor,1.1,-8.244205566087782,16.707869545408283,23.47550794520548,"Chosen structural sensitivity, not country comparable range"
plant,squeeze,cost_factor,0.9,-9.249118496587654,15.70295661490841,23.235169315068493,"Chosen structural sensitivity, not country comparable range"
plant,squeeze,cost_factor,0.95,-16.34522410342226,8.606851008073804,25.047564493150684,"Chosen structural sensitivity, not country comparable range"
plant,squeeze,cost_factor,1,-24.952075111496065,0.0,38.204532602739775,"Chosen structural sensitivity, not country comparable range"
plant,squeeze,cost_factor,1.05,-34.22550570685451,-9.273430595358448,69.27199758904123,"Chosen structural sensitivity, not country comparable range"
plant,squeeze,cost_factor,1.1,-43.498936302212954,-18.54686119071689,103.2698625753425,"Chosen structural sensitivity, not country comparable range"
plant,squeeze,capex_factor,0.5,-12.179444004480251,12.772631107015814,17.18693260273973,"Chosen structural sensitivity, not country comparable range"
plant,squeeze,capex_factor,0.75,-18.458844330022238,6.493230781473827,24.372532602739746,"Chosen structural sensitivity, not country comparable range"
plant,squeeze,capex_factor,1,-24.952075111496065,0.0,38.204532602739775,"Chosen structural sensitivity, not country comparable range"
plant,squeeze,capex_factor,1.25,-31.445305892969902,-6.493230781473837,52.304532602739805,"Chosen structural sensitivity, not country comparable range"
plant,squeeze,capex_factor,1.5,-37.93853667444373,-12.986461562947667,66.40453260273983,"Chosen structural sensitivity, not country comparable range"
plant,squeeze,DSO_added_days,-10,-24.40375565240123,0.5483194590948344,37.49281753424663,"Chosen structural sensitivity, not country comparable range"
plant,squeeze,DSO_added_days,0,-24.952075111496065,0.0,38.204532602739775,"Chosen structural sensitivity, not country comparable range"
plant,squeeze,DSO_added_days,10,-25.5003945705909,-0.5483194590948344,38.916247671232924,"Chosen structural sensitivity, not country comparable range"
plant,squeeze,DSO_added_days,20,-26.048714029685737,-1.0966389181896723,39.62796273972609,"Chosen structural sensitivity, not country comparable range"
plant,squeeze,DSO_added_days,40,-27.145352947875402,-2.1932778363793375,41.051392876712384,"Chosen structural sensitivity, not country comparable range"
plant,squeeze,DIO_added_days,-10,-24.340061977859914,0.6120131336361503,37.41014356164389,"Chosen structural sensitivity, not country comparable range"
plant,squeeze,DIO_added_days,0,-24.952075111496065,0.0,38.204532602739775,"Chosen structural sensitivity, not country comparable range"
plant,squeeze,DIO_added_days,10,-25.56408824513222,-0.6120131336361538,38.99892164383567,"Chosen structural sensitivity, not country comparable range"
plant,squeeze,DIO_added_days,20,-26.176101378768372,-1.2240262672723077,39.793310684931555,"Chosen structural sensitivity, not country comparable range"
plant,squeeze,DIO_added_days,40,-27.40012764604068,-2.4480525345446154,41.38208876712334,"Chosen structural sensitivity, not country comparable range"
plant,squeeze,real_hurdle,0.06,-26.585461532520227,-1.6333864210241629,38.204532602739775,"Chosen structural sensitivity, not country comparable range"
plant,squeeze,real_hurdle,0.08,-26.163709575799153,-1.2116344643030885,38.204532602739775,"Chosen structural sensitivity, not country comparable range"
plant,squeeze,real_hurdle,0.1,-25.735724694737733,-0.7836495832416688,38.204532602739775,"Chosen structural sensitivity, not country comparable range"
plant,squeeze,real_hurdle,0.12,-25.328442217722305,-0.37636710622624037,38.204532602739775,"Chosen structural sensitivity, not country comparable range"
plant,squeeze,real_hurdle,0.16,-24.608616114445404,0.34345899705066074,38.204532602739775,"Chosen structural sensitivity, not country comparable range"
plant,nutrition,orders_factor,0.7,-14.073134813621415,-11.19487069528821,23.56633921095891,"Chosen structural sensitivity, not country comparable range"
plant,nutrition,orders_factor,0.85,-8.402999181066129,-5.524735062732924,23.250554756164384,"Chosen structural sensitivity, not country comparable range"
plant,nutrition,orders_factor,1,-2.8782641183332043,0.0,23.1676301369863,"Chosen structural sensitivity, not country comparable range"
plant,nutrition,orders_factor,1.15,2.6232491162117526,5.501513234544957,23.264774657534254,"Chosen structural sensitivity, not country comparable range"
plant,nutrition,orders_factor,1.3,7.906244642757343,10.784508761090548,23.361919178082193,"Chosen structural sensitivity, not country comparable range"
plant,nutrition,price_factor,0.9,-35.86022619045839,-32.981962072125185,63.04582438143157,"Chosen structural sensitivity, not country comparable range"
plant,nutrition,price_factor,0.95,-17.376051525961767,-14.497787407628563,25.534294347397257,"Chosen structural sensitivity, not country comparable range"
plant,nutrition,price_factor,1,-2.8782641183332043,0.0,23.1676301369863,"Chosen structural sensitivity, not country comparable range"
plant,nutrition,price_factor,1.05,11.282249770822308,14.160513889155512,22.219737534246576,"Chosen structural sensitivity, not country comparable range"
plant,nutrition,price_factor,1.1,25.419775094989085,28.29803921332229,21.523894931506845,"Chosen structural sensitivity, not country comparable range"
plant,nutrition,cost_factor,0.9,21.76005024641436,24.638314364747565,21.380336917808215,"Chosen structural sensitivity, not country comparable range"
plant,nutrition,cost_factor,0.95,9.450007387857262,12.328271506190466,22.17675602739726,"Chosen structural sensitivity, not country comparable range"
plant,nutrition,cost_factor,1,-2.8782641183332043,0.0,23.1676301369863,"Chosen structural sensitivity, not country comparable range"
plant,nutrition,cost_factor,1.05,-15.348936268584076,-12.470672150250872,25.429032862465746,"Chosen structural sensitivity, not country comparable range"
plant,nutrition,cost_factor,1.1,-30.771545338913473,-27.89328122058027,49.626504744041156,"Chosen structural sensitivity, not country comparable range"
plant,nutrition,capex_factor,0.5,9.65473965170884,12.533003770042045,13.021047501369859,"Chosen structural sensitivity, not country comparable range"
plant,nutrition,capex_factor,0.75,3.389438660752438,6.267702779085642,18.0676301369863,"Chosen structural sensitivity, not country comparable range"
plant,nutrition,capex_factor,1,-2.8782641183332043,0.0,23.1676301369863,"Chosen structural sensitivity, not country comparable range"
plant,nutrition,capex_factor,1.25,-9.163155267065722,-6.284891148732518,28.267630136986302,"Chosen structural sensitivity, not country comparable range"
plant,nutrition,capex_factor,1.5,-15.465883121624342,-12.587619003291138,33.3676301369863,"Chosen structural sensitivity, not country comparable range"
plant,nutrition,DSO_added_days,-10,-2.118090590653015,0.7601735276801893,22.70709315068493,"Chosen structural sensitivity, not country comparable range"
plant,nutrition,DSO_added_days,0,-2.8782641183332043,0.0,23.1676301369863,"Chosen structural sensitivity, not country comparable range"
plant,nutrition,DSO_added_days,10,-3.63843764601339,-0.7601735276801858,23.678998071232872,"Chosen structural sensitivity, not country comparable range"
plant,nutrition,DSO_added_days,20,-4.398611173693579,-1.520347055360375,24.423225841095885,"Chosen structural sensitivity, not country comparable range"
plant,nutrition,DSO_added_days,40,-5.918958229053954,-3.04069411072075,25.911681380821914,"Chosen structural sensitivity, not country comparable range"
plant,nutrition,DIO_added_days,-10,-2.0705797451730046,0.8076843731601997,22.678309589041096,"Chosen structural sensitivity, not country comparable range"
plant,nutrition,DIO_added_days,0,-2.8782641183332043,0.0,23.1676301369863,"Chosen structural sensitivity, not country comparable range"
plant,nutrition,DIO_added_days,10,-3.685948491493402,-0.8076843731601979,23.72551230684931,"Chosen structural sensitivity, not country comparable range"
plant,nutrition,DIO_added_days,20,-4.493632864653603,-1.6153687463203985,24.516254312328762,"Chosen structural sensitivity, not country comparable range"
plant,nutrition,DIO_added_days,40,-6.109001610974001,-3.230737492640797,26.09773832328767,"Chosen structural sensitivity, not country comparable range"
plant,nutrition,real_hurdle,0.06,6.433213073128357,9.311477191461561,23.1676301369863,"Chosen structural sensitivity, not country comparable range"
plant,nutrition,real_hurdle,0.08,1.050290659850603,3.9285547781838073,23.1676301369863,"Chosen structural sensitivity, not country comparable range"
plant,nutrition,real_hurdle,0.1,-2.8782641183332043,0.0,23.1676301369863,"Chosen structural sensitivity, not country comparable range"
plant,nutrition,real_hurdle,0.12,-5.804039933717191,-2.925775815383987,23.1676301369863,"Chosen structural sensitivity, not country comparable range"
plant,nutrition,real_hurdle,0.16,-9.739683544391404,-6.8614194260582,23.1676301369863,"Chosen structural sensitivity, not country comparable range"
