mode,orders_factor,contribution_USD_per_t,NPV,peak_funding,counterfactual,status
trade,0.7,30,10.24713998835503,1.3275136986301366,No incremental project in the same managed world,Chosen boundary grid; no country valuation
trade,0.7,45,17.667124244664684,0.9208184931506853,No incremental project in the same managed world,Chosen boundary grid; no country valuation
trade,0.7,60,25.087108500974345,0.6,No incremental project in the same managed world,Chosen boundary grid; no country valuation
trade,0.7,75,32.50709275728401,0.6,No incremental project in the same managed world,Chosen boundary grid; no country valuation
trade,0.7,90,39.92707701359367,0.6,No incremental project in the same managed world,Chosen boundary grid; no country valuation
trade,0.85,30,13.07572995527182,1.3586952054794517,No incremental project in the same managed world,Chosen boundary grid; no country valuation
trade,0.85,45,22.085710837933547,0.8648510273972605,No incremental project in the same managed world,Chosen boundary grid; no country valuation
trade,0.85,60,31.095691720595283,0.6,No incremental project in the same managed world,Chosen boundary grid; no country valuation
trade,0.85,75,40.10567260325701,0.6,No incremental project in the same managed world,Chosen boundary grid; no country valuation
trade,0.85,90,49.11565348591874,0.6,No incremental project in the same managed world,Chosen boundary grid; no country valuation
trade,1,30,15.904319922188611,1.3898767123287672,No incremental project in the same managed world,Chosen boundary grid; no country valuation
trade,1,45,26.504297431202406,0.8088835616438356,No incremental project in the same managed world,Chosen boundary grid; no country valuation
trade,1,60,37.104274940216214,0.6,No incremental project in the same managed world,Chosen boundary grid; no country valuation
trade,1,75,47.70425244923001,0.6,No incremental project in the same managed world,Chosen boundary grid; no country valuation
trade,1,90,58.30422995824381,0.6,No incremental project in the same managed world,Chosen boundary grid; no country valuation
trade,1.15,30,18.732909889105407,1.421058219178081,No incremental project in the same managed world,Chosen boundary grid; no country valuation
trade,1.15,45,30.92288402447128,0.7529160958904116,No incremental project in the same managed world,Chosen boundary grid; no country valuation
trade,1.15,60,43.11285815983716,0.6,No incremental project in the same managed world,Chosen boundary grid; no country valuation
trade,1.15,75,55.302832295203025,0.6,No incremental project in the same managed world,Chosen boundary grid; no country valuation
trade,1.15,90,67.49280643056889,0.6,No incremental project in the same managed world,Chosen boundary grid; no country valuation
trade,1.3,30,21.215470972819457,1.4522397260273976,No incremental project in the same managed world,Chosen boundary grid; no country valuation
trade,1.3,45,34.80075390139294,0.6969486301369857,No incremental project in the same managed world,Chosen boundary grid; no country valuation
trade,1.3,60,48.38603682996639,0.6,No incremental project in the same managed world,Chosen boundary grid; no country valuation
trade,1.3,75,61.971319758539856,0.6,No incremental project in the same managed world,Chosen boundary grid; no country valuation
trade,1.3,90,75.55660268711334,0.6,No incremental project in the same managed world,Chosen boundary grid; no country valuation
partner,0.7,30,-6.84898875014714,11.201785273972602,No incremental project in the same managed world,Chosen boundary grid; no country valuation
partner,0.7,45,0.7150146815336953,9.7346,No incremental project in the same managed world,Chosen boundary grid; no country valuation
partner,0.7,60,8.183467676099472,9.170041095890411,No incremental project in the same managed world,Chosen boundary grid; no country valuation
partner,0.7,75,15.64280910041732,8.740332191780823,No incremental project in the same managed world,Chosen boundary grid; no country valuation
partner,0.7,90,23.102150524735162,8.310623287671234,No incremental project in the same managed world,Chosen boundary grid; no country valuation
partner,0.85,30,-4.313938370446401,11.24141095890411,No incremental project in the same managed world,Chosen boundary grid; no country valuation
partner,0.85,45,4.772303771793285,9.785,No incremental project in the same managed world,Chosen boundary grid; no country valuation
partner,0.85,60,13.832213931074165,9.237335616438354,No incremental project in the same managed world,Chosen boundary grid; no country valuation
partner,0.85,75,22.889985660602974,8.715546232876711,No incremental project in the same managed world,Chosen boundary grid; no country valuation
partner,0.85,90,31.94775739013178,8.193756849315069,No incremental project in the same managed world,Chosen boundary grid; no country valuation
partner,1,30,-1.92183446642766,11.333424657534252,No incremental project in the same managed world,Chosen boundary grid; no country valuation
partner,1,45,8.696297032339302,9.9185,No incremental project in the same managed world,Chosen boundary grid; no country valuation
partner,1,60,19.30166369263896,9.304630136986301,No incremental project in the same managed world,Chosen boundary grid; no country valuation
partner,1,75,29.9070303529386,8.690760273972604,No incremental project in the same managed world,Chosen boundary grid; no country valuation
partner,1,90,40.51239701323825,8.076890410958903,No incremental project in the same managed world,Chosen boundary grid; no country valuation
partner,1.15,30,-0.6208417777328457,11.545038356164387,No incremental project in the same managed world,Chosen boundary grid; no country valuation
partner,1.15,45,10.833957837239758,10.077875000000002,No incremental project in the same managed world,Chosen boundary grid; no country valuation
partner,1.15,60,22.282745055518188,9.371924657534247,No incremental project in the same managed world,Chosen boundary grid; no country valuation
partner,1.15,75,33.731532273796574,8.665974315068492,No incremental project in the same managed world,Chosen boundary grid; no country valuation
partner,1.15,90,45.180319492074965,7.960023972602739,No incremental project in the same managed world,Chosen boundary grid; no country valuation
partner,1.3,30,-0.30236254256990946,11.784652054794524,No incremental project in the same managed world,Chosen boundary grid; no country valuation
partner,1.3,45,11.352302948997838,10.23725,No incremental project in the same managed world,Chosen boundary grid; no country valuation
partner,1.3,60,23.005604804201983,9.439219178082194,No incremental project in the same managed world,Chosen boundary grid; no country valuation
partner,1.3,75,34.65890665940609,8.641188356164385,No incremental project in the same managed world,Chosen boundary grid; no country valuation
partner,1.3,90,46.312208514610205,7.843157534246574,No incremental project in the same managed world,Chosen boundary grid; no country valuation
plant,0.7,30,-32.08909200159502,55.51876540848684,No incremental project in the same managed world,Chosen boundary grid; no country valuation
plant,0.7,45,-22.139203730837043,31.07853181991267,No incremental project in the same managed world,Chosen boundary grid; no country valuation
plant,0.7,60,-13.077306385462172,22.886871232876715,No incremental project in the same managed world,Chosen boundary grid; no country valuation
plant,0.7,75,-5.400770839752928,21.93972602739726,No incremental project in the same managed world,Chosen boundary grid; no country valuation
plant,0.7,90,2.1171564178758118,21.364383561643834,No incremental project in the same managed world,Chosen boundary grid; no country valuation
plant,0.85,30,-28.710390451454288,46.32992942459117,No incremental project in the same managed world,Chosen boundary grid; no country valuation
plant,0.85,45,-16.928951509314494,24.248990410958903,No incremental project in the same managed world,Chosen boundary grid; no country valuation
plant,0.85,60,-7.365718702420116,22.539726027397258,No incremental project in the same managed world,Chosen boundary grid; no country valuation
plant,0.85,75,1.766962049246052,21.84109589041096,No incremental project in the same managed world,Chosen boundary grid; no country valuation
plant,0.85,90,10.867774545670084,21.14246575342466,No incremental project in the same managed world,Chosen boundary grid; no country valuation
plant,1,30,-25.331688901313562,37.14109344069547,No incremental project in the same managed world,Chosen boundary grid; no country valuation
plant,1,45,-12.598853913356324,24.15175342465754,No incremental project in the same managed world,Chosen boundary grid; no country valuation
plant,1,60,-1.7999419404754313,22.564383561643837,No incremental project in the same managed world,Chosen boundary grid; no country valuation
plant,1,75,8.911554442377263,21.742465753424657,No incremental project in the same managed world,Chosen boundary grid; no country valuation
plant,1,90,19.60888854123295,21.03554794520548,No incremental project in the same managed world,Chosen boundary grid; no country valuation
plant,1.15,30,-21.95298735117282,30.691873881251965,No incremental project in the same managed world,Chosen boundary grid; no country valuation
plant,1.15,45,-8.5966015458416,24.05451643835617,No incremental project in the same managed world,Chosen boundary grid; no country valuation
plant,1.15,60,3.7432828697583123,22.589041095890412,No incremental project in the same managed world,Chosen boundary grid; no country valuation
plant,1.15,75,16.050516670219224,21.711960616438354,No incremental project in the same managed world,Chosen boundary grid; no country valuation
plant,1.15,90,28.3455603880355,20.9823801369863,No incremental project in the same managed world,Chosen boundary grid; no country valuation
plant,1.3,30,-19.262078937871816,26.926668767123303,No incremental project in the same managed world,Chosen boundary grid; no country valuation
plant,1.3,45,-5.1252959724500515,23.957279452054795,No incremental project in the same managed world,Chosen boundary grid; no country valuation
plant,1.3,60,8.605569990864364,22.613698630136987,No incremental project in the same managed world,Chosen boundary grid; no country valuation
plant,1.3,75,22.310829267477054,21.753955479452056,No incremental project in the same managed world,Chosen boundary grid; no country valuation
plant,1.3,90,36.01319598210629,20.92921232876712,No incremental project in the same managed world,Chosen boundary grid; no country valuation
