claim_id,scope,claim_type,claim_text,sources,source_urls,page_or_location,logic_rationale,confidence
"C01","external","FACT","Meghalaya had 2,966,889 people in the 2011 Census base used by the state DES portal: 2,371,439 rural and 595,450 urban.","S01","https://des.megplanning.gov.in/portal.htm","n/a","I use this only as a dated structural baseline, not as a current population estimate.","VERY HIGH"
"C02","external","DERIVED FACT","The 2011 DES figures imply that 79.9% of Meghalaya's population was rural.","S01","https://des.megplanning.gov.in/portal.htm","n/a","2,371,439 / 2,966,889 = 79.93%. This supports designing beyond urban social-media audiences.","VERY HIGH"
"C03","external","FACT","The DES portal lists 12 districts (2022) and 55 C&RD blocks (2022).","S01","https://des.megplanning.gov.in/portal.htm","n/a","Administrative spread makes repeatable district/block communication kits more useful than a Shillong-only content model.","VERY HIGH"
"C04","external","FACT","A 2022 Government RFP described connectivity and rural awareness as barriers to last-mile scheme uptake and called for grass-root Behaviour Change Communication.","S02","https://meghalaya.gov.in/sites/default/files/tenders/RFP_for_Selection_of_Agency_for_Grassroot_Citizen_Engagement_Program.pdf","pp. 4 and 23 of 40","This is direct evidence that awareness alone is insufficient; communication must help people convert information into action.","VERY HIGH"
"C05","external","FACT","The same RFP specified village-level audience frameworks, communication in local languages and collection of citizen feedback/grievances.","S02","https://meghalaya.gov.in/sites/default/files/tenders/RFP_for_Selection_of_Agency_for_Grassroot_Citizen_Engagement_Program.pdf","pp. 4 and 23 of 40","Localisation and feedback are explicit operating requirements in a real Meghalaya citizen-engagement mandate.","VERY HIGH"
"C06","external","FACT","MyMeG describes its purpose as participatory governance: capturing citizen feedback, disseminating government messages through multiple channels and engaging citizens in implementation.","S03","https://mymeg.meghalaya.gov.in/highlights/","n/a","This supports a two-way communications model rather than a one-way publishing calendar.","VERY HIGH"
"C07","external","FACT","In the 2024 Independence Day speech, the Chief Minister explicitly linked terrain and distance to difficulty accessing government services and described CM-CONNECT as a response.","S04","https://www.meghalaya.gov.in/meghalaya/sites/default/files/press_release/78th_Independence_Day_2024_HCM_Speech.pdf","printed p. 9","The communication architecture should reduce distance through channel redundancy, field touchpoints and clear escalation paths.","VERY HIGH"
"C08","external","FACT","The same speech said the 1971 multilingual helpline had already been used by 12,000 citizens by August 2024.","S04","https://www.meghalaya.gov.in/meghalaya/sites/default/files/press_release/78th_Independence_Day_2024_HCM_Speech.pdf","printed p. 9","The helpline demonstrates that feedback/service channels are part of the communication system, not downstream of it.","VERY HIGH"
"C09","external","FACT","The Meghalaya State Language Act continues English as the official language and permits Khasi and Garo as associate official languages in specified district-level contexts.","S05","https://homepolitical.meghalaya.gov.in/pdf/acts/meghalaya_language_act-2005.pdf","PDF p. 2 / Gazette p. 364","I would treat localisation as audience/context design, with language as one layer rather than a mechanical translation step.","VERY HIGH"
"C10","external","FACT","The 2021 Youth Policy estimated that more than 70% of Meghalaya's population was under 35 and also warned that youth are not a homogeneous group.","S06","https://meghalaya.gov.in/sites/default/files/documents/Meghalaya_Youth_Policy_2021_0.pdf","printed pp. 6 and 8","Youth relevance is high, but segmentation by life situation, rural/urban context and needs matters more than generic youth tone.","HIGH"
"C11","external","FACT","TRAI reported 2.08 million internet subscriptions in Meghalaya at March 2025, equal to 61.08 subscriptions per 100 population.","S07","https://www.trai.gov.in/sites/default/files/2025-07/YIR_08072025_0.pdf","report p. 67 / PDF p. 68","Digital channels are material to reach, but subscription density is not the same as unique people reached.","VERY HIGH"
"C12","external","FACT","TRAI reported 49.45 internet subscriptions per 100 rural population versus 105.53 per 100 urban population in Meghalaya at March 2025.","S07","https://www.trai.gov.in/sites/default/files/2025-07/YIR_08072025_0.pdf","report p. 67 / PDF p. 68","The gap argues for digital-plus-field distribution; urban figures above 100 also warn against reading subscription density as population penetration.","VERY HIGH"
"C13","external","FACT","Meghalaya DIPR describes daily press releases, press conferences/briefings, photo documentation, video production and field publicity within its remit.","S08","https://meghalaya.gov.in/index.php/dept/25","n/a","A communications consultant needs to work across earned, owned, visual and field formats rather than optimize one channel in isolation.","VERY HIGH"
"C14","external","FACT","DIPR also describes periodic Special Interactive Programmes across districts and sub-divisions for one-to-one citizen interaction with department officials.","S08","https://meghalaya.gov.in/index.php/dept/25","n/a","Face-to-face feedback and explanation remain part of the state's communication infrastructure.","VERY HIGH"
"C15","external","FACT","The MPOWER commitment plan requires stakeholder information to be timely, relevant, understandable, accessible and consultation to be culturally appropriate.","S09","https://meghalaya.gov.in/meghalaya/sites/default/files/documents/MPOWER_Draft_ESCP_22_Jan_2024.pdf","printed p. 6","I use these as quality gates for communication products, not merely stylistic preferences.","VERY HIGH"
"C16","external","SYNTHESIS","I conclude that effective public communication in Meghalaya is best designed as an access-and-feedback system, not only a content-production function.","S01; S02; S03; S04; S05; S06; S07; S08; S09; S10; S11; S12","https://des.megplanning.gov.in/portal.htm; https://meghalaya.gov.in/sites/default/files/tenders/RFP_for_Selection_of_Agency_for_Grassroot_Citizen_Engagement_Program.pdf; https://mymeg.meghalaya.gov.in/highlights/; https://www.meghalaya.gov.in/meghalaya/sites/default/files/press_release/78th_Independence_Day_2024_HCM_Speech.pdf; https://homepolitical.meghalaya.gov.in/pdf/acts/meghalaya_language_act-2005.pdf; https://meghalaya.gov.in/sites/default/files/documents/Meghalaya_Youth_Policy_2021_0.pdf; https://www.trai.gov.in/sites/default/files/2025-07/YIR_08072025_0.pdf; https://meghalaya.gov.in/index.php/dept/25; https://meghalaya.gov.in/meghalaya/sites/default/files/documents/MPOWER_Draft_ESCP_22_Jan_2024.pdf; https://meghalaya.gov.in/index.php/documents/content/46179; https://www.niti.gov.in/node/1708; https://www.meghalaya.gov.in/documents/content/46466","n/a; pp. 4 and 23 of 40; n/a; printed p. 9; PDF p. 2 / Gazette p. 364; printed pp. 6 and 8; report p. 67 / PDF p. 68; n/a; printed p. 6; n/a; report available from source page; n/a","Across demographics, last-mile RFP design, MyMeG, service access, language, youth segmentation, telecom, DIPR and stakeholder standards, the common requirement is to move information into understanding, action and feedback.","HIGH"
"C17","external","RECOMMENDATION","I would use a digital-plus-field channel architecture instead of a digital-only plan.","S01; S02; S04; S07; S08","https://des.megplanning.gov.in/portal.htm; https://meghalaya.gov.in/sites/default/files/tenders/RFP_for_Selection_of_Agency_for_Grassroot_Citizen_Engagement_Program.pdf; https://www.meghalaya.gov.in/meghalaya/sites/default/files/press_release/78th_Independence_Day_2024_HCM_Speech.pdf; https://www.trai.gov.in/sites/default/files/2025-07/YIR_08072025_0.pdf; https://meghalaya.gov.in/index.php/dept/25","n/a; pp. 4 and 23 of 40; printed p. 9; report p. 67 / PDF p. 68; n/a","High rural share, explicit terrain/access barriers, rural-urban internet-density difference, and formal field publicity all point to complementary channels.","HIGH"
"C18","external","RECOMMENDATION","I would localise meaning - language, example, call-to-action and messenger - rather than translate one master asset word-for-word.","S02; S05; S06; S09","https://meghalaya.gov.in/sites/default/files/tenders/RFP_for_Selection_of_Agency_for_Grassroot_Citizen_Engagement_Program.pdf; https://homepolitical.meghalaya.gov.in/pdf/acts/meghalaya_language_act-2005.pdf; https://meghalaya.gov.in/sites/default/files/documents/Meghalaya_Youth_Policy_2021_0.pdf; https://meghalaya.gov.in/meghalaya/sites/default/files/documents/MPOWER_Draft_ESCP_22_Jan_2024.pdf","pp. 4 and 23 of 40; PDF p. 2 / Gazette p. 364; printed pp. 6 and 8; printed p. 6","Local-language requirements coexist with heterogeneous audience needs and culturally appropriate engagement standards.","HIGH"
"C19","external","RECOMMENDATION","I would measure communication as reach -> comprehension proxy -> action -> closure/feedback -> learning.","S02; S03; S04; S08; S09","https://meghalaya.gov.in/sites/default/files/tenders/RFP_for_Selection_of_Agency_for_Grassroot_Citizen_Engagement_Program.pdf; https://mymeg.meghalaya.gov.in/highlights/; https://www.meghalaya.gov.in/meghalaya/sites/default/files/press_release/78th_Independence_Day_2024_HCM_Speech.pdf; https://meghalaya.gov.in/index.php/dept/25; https://meghalaya.gov.in/meghalaya/sites/default/files/documents/MPOWER_Draft_ESCP_22_Jan_2024.pdf","pp. 4 and 23 of 40; n/a; printed p. 9; n/a; printed p. 6","The public sources repeatedly connect communication to action, feedback, grievance resolution, direct interaction and accessible information.","HIGH"
"C20","external","RECOMMENDATION","I would make narrative monitoring a decision system: verify the signal, identify the affected audience, judge velocity/risk, decide response, then log the outcome.","S03; S08; S09","https://mymeg.meghalaya.gov.in/highlights/; https://meghalaya.gov.in/index.php/dept/25; https://meghalaya.gov.in/meghalaya/sites/default/files/documents/MPOWER_Draft_ESCP_22_Jan_2024.pdf","n/a; n/a; printed p. 6","Public communications teams already operate across press, multi-channel dissemination and citizen feedback; monitoring is useful only when it changes a decision.","MODERATE-HIGH"
"CV01","personal","MY FACT","I completed my MBA at IIM Shillong (Jun 2023-Apr 2025).","S13; S14","https://github.com/ManashProtimDeori/Manash-Protim-Deori/blob/main/src/data/resume.ts; https://manash-protim-deori.vercel.app/resume","n/a; n/a","This gives me lived academic familiarity with Shillong and a management foundation relevant to structured problem-solving.","VERY HIGH"
"CV02","personal","MY FACT","I modelled Meghalaya's Public Distribution System using 4,500+ government records.","S13","https://github.com/ManashProtimDeori/Manash-Protim-Deori/blob/main/src/data/resume.ts","n/a","I have already worked with complex Meghalaya public-system data rather than approaching the state only from desk research.","VERY HIGH"
"CV03","personal","MY FACT","My PDS simulation covered 8 state warehouses, 281 wholesalers and 4,000+ fair-price shops.","S13","https://github.com/ManashProtimDeori/Manash-Protim-Deori/blob/main/src/data/resume.ts","n/a","The project trained me to think in networks, last-mile constraints and operational interdependencies.","VERY HIGH"
"CV04","personal","MY FACT","My PDS recommendations were framed around food-security resilience for 2M+ beneficiaries.","S13","https://github.com/ManashProtimDeori/Manash-Protim-Deori/blob/main/src/data/resume.ts","n/a","I understand that public systems ultimately have citizen-level consequences; analysis and communication both have to respect that.","VERY HIGH"
"CV05","personal","MY FACT","I managed two integrated digital campaigns that generated 330M+ impressions and grew communities to 260K+ and 192K+ followers.","S13","https://github.com/ManashProtimDeori/Manash-Protim-Deori/blob/main/src/data/resume.ts","n/a","I have operated high-volume digital communication and can distinguish reach from the deeper outcomes this role needs.","VERY HIGH"
"CV06","personal","MY FACT","I managed a Rs 20M marketing budget and reduced CPM from Rs 35.8 to Rs 15.5 - about a 57% reduction.","S13","https://github.com/ManashProtimDeori/Manash-Protim-Deori/blob/main/src/data/resume.ts","n/a","I bring measurement discipline and can use performance data to improve distribution efficiency without reducing communication to vanity metrics.","VERY HIGH"
"CV07","personal","MY FACT","I coordinated 73+ macro-influencers and 520+ micro-influencers through a structured create-review-produce-distribute workflow.","S13","https://github.com/ManashProtimDeori/Manash-Protim-Deori/blob/main/src/data/resume.ts","n/a","I am used to coordinating many contributors, maintaining message consistency and delivering locally relevant content under time pressure.","VERY HIGH"
"CV08","personal","MY FACT","I developed event-specific speech inputs for 8 events involving the Prime Minister and Home Minister of India.","S13","https://github.com/ManashProtimDeori/Manash-Protim-Deori/blob/main/src/data/resume.ts","n/a","I have experience adapting messages to context, audience and speaker while working inside high-stakes approval environments.","VERY HIGH"