source_id,title,type,publication_or_reference_date,page,url,use
"S01","Directorate of Economics & Statistics, Government of Meghalaya - DES Portal","Web","current portal; population base 2011","n/a","https://des.megplanning.gov.in/portal.htm","Population, rural/urban split, districts and C&RD blocks."
"S02","Government of Meghalaya - RFP for Grassroot Level Citizen Engagement Program","PDF","February 2022","pp. 4 and 23 of 40","https://meghalaya.gov.in/sites/default/files/tenders/RFP_for_Selection_of_Agency_for_Grassroot_Citizen_Engagement_Program.pdf","Last-mile awareness challenge, BCC, village-level engagement, local languages, feedback/grievances."
"S03","MyMeG - About / Highlights","Web","accessed 2026-10-07","n/a","https://mymeg.meghalaya.gov.in/highlights/","Participatory governance, citizen feedback, multi-channel message dissemination, cross-department implementation."
"S04","Government of Meghalaya - 78th Independence Day 2024, Chief Minister Speech","PDF","15 August 2024","printed p. 9","https://www.meghalaya.gov.in/meghalaya/sites/default/files/press_release/78th_Independence_Day_2024_HCM_Speech.pdf","Terrain/distance as access barriers; CM-CONNECT; Village Data Volunteers; multilingual 1971 helpline; 12,000 users at that date."
"S05","The Meghalaya State Language Act, 2005","PDF","2005","PDF p. 2 / Gazette p. 364","https://homepolitical.meghalaya.gov.in/pdf/acts/meghalaya_language_act-2005.pdf","English official language; Khasi and Garo as associate official languages in specified district-level contexts."
"S06","Draft Meghalaya Youth Policy 2021","PDF","2021","printed pp. 6 and 8","https://meghalaya.gov.in/sites/default/files/documents/Meghalaya_Youth_Policy_2021_0.pdf","Policy estimate that 70%+ of population was under 35 (p. 8); policy explicitly notes youth are not homogeneous (p. 6)."
"S07","TRAI - Indian Telecom Services Yearly Performance Indicators 2024-25","PDF","8 July 2025","report p. 67 / PDF p. 68","https://www.trai.gov.in/sites/default/files/2025-07/YIR_08072025_0.pdf","Meghalaya internet subscribers and subscribers-per-100 population; rural/urban contrast."
"S08","Information & Public Relations Department, Government of Meghalaya","Web","government portal","n/a","https://meghalaya.gov.in/index.php/dept/25","Press releases, press briefings, photo/video production, field publicity and Special Interactive Programmes."
"S09","MPOWER Draft Environmental and Social Commitment Plan","PDF","22 January 2024","printed p. 6","https://meghalaya.gov.in/meghalaya/sites/default/files/documents/MPOWER_Draft_ESCP_22_Jan_2024.pdf","Stakeholder information should be timely, relevant, understandable, accessible and culturally appropriate."
"S10","Government of Meghalaya - Public consultation notice on Draft IT/ITeS Policy 2024","Web","2024","n/a","https://meghalaya.gov.in/index.php/documents/content/46179","Evidence of formal public-comment / consultation mechanisms."
"S11","NITI Aayog & MDoNER - North Eastern Region District SDG Index 2023-24","Web/PDF","7 July 2025","report available from source page","https://www.niti.gov.in/node/1708","District-level development heterogeneity; East Khasi Hills appears separately in NER district rankings."
"S12","Government of Meghalaya - Meghalaya Next: A Report of the Citizen","Web landing page","2024","n/a","https://www.meghalaya.gov.in/documents/content/46466","Citizen-oriented planning/research source included in triangulation."
"S13","My CV dataset - src/data/resume.ts","GitHub source","repository current version","n/a","https://github.com/ManashProtimDeori/Manash-Protim-Deori/blob/main/src/data/resume.ts","My experience, quantified campaign work, Meghalaya PDS project and education."
"S14","My portfolio - résumé page","Web","portfolio current version","n/a","https://manash-protim-deori.vercel.app/resume","Public rendering of my résumé data; corroborating source for my personal claims."