ISO3,UN_name,status,source
AFG,Afghanistan,Member state,https://research.un.org/en/unmembers/currentmembers
ALB,Albania,Member state,https://research.un.org/en/unmembers/currentmembers
DZA,Algeria,Member state,https://research.un.org/en/unmembers/currentmembers
AND,Andorra,Member state,https://research.un.org/en/unmembers/currentmembers
AGO,Angola,Member state,https://research.un.org/en/unmembers/currentmembers
ATG,Antigua and Barbuda,Member state,https://research.un.org/en/unmembers/currentmembers
ARG,Argentina,Member state,https://research.un.org/en/unmembers/currentmembers
ARM,Armenia,Member state,https://research.un.org/en/unmembers/currentmembers
AUS,Australia,Member state,https://research.un.org/en/unmembers/currentmembers
AUT,Austria,Member state,https://research.un.org/en/unmembers/currentmembers
AZE,Azerbaijan,Member state,https://research.un.org/en/unmembers/currentmembers
BHS,The Bahamas,Member state,https://research.un.org/en/unmembers/currentmembers
BHR,Bahrain,Member state,https://research.un.org/en/unmembers/currentmembers
BGD,Bangladesh,Member state,https://research.un.org/en/unmembers/currentmembers
BRB,Barbados,Member state,https://research.un.org/en/unmembers/currentmembers
BLR,Belarus,Member state,https://research.un.org/en/unmembers/currentmembers
BEL,Belgium,Member state,https://research.un.org/en/unmembers/currentmembers
BLZ,Belize,Member state,https://research.un.org/en/unmembers/currentmembers
BEN,Benin,Member state,https://research.un.org/en/unmembers/currentmembers
BTN,Bhutan,Member state,https://research.un.org/en/unmembers/currentmembers
BOL,Bolivia (Plurinational State of),Member state,https://research.un.org/en/unmembers/currentmembers
BIH,Bosnia and Herzegovina,Member state,https://research.un.org/en/unmembers/currentmembers
BWA,Botswana,Member state,https://research.un.org/en/unmembers/currentmembers
BRA,Brazil,Member state,https://research.un.org/en/unmembers/currentmembers
BRN,Brunei Darussalam,Member state,https://research.un.org/en/unmembers/currentmembers
BGR,Bulgaria,Member state,https://research.un.org/en/unmembers/currentmembers
BFA,Burkina Faso,Member state,https://research.un.org/en/unmembers/currentmembers
BDI,Burundi,Member state,https://research.un.org/en/unmembers/currentmembers
CPV,Cabo Verde,Member state,https://research.un.org/en/unmembers/currentmembers
KHM,Cambodia,Member state,https://research.un.org/en/unmembers/currentmembers
CMR,Cameroon,Member state,https://research.un.org/en/unmembers/currentmembers
CAN,Canada,Member state,https://research.un.org/en/unmembers/currentmembers
CAF,Central African Republic,Member state,https://research.un.org/en/unmembers/currentmembers
TCD,Chad,Member state,https://research.un.org/en/unmembers/currentmembers
CHL,Chile,Member state,https://research.un.org/en/unmembers/currentmembers
CHN,China,Member state,https://research.un.org/en/unmembers/currentmembers
COL,Colombia,Member state,https://research.un.org/en/unmembers/currentmembers
COM,Comoros,Member state,https://research.un.org/en/unmembers/currentmembers
COG,Congo,Member state,https://research.un.org/en/unmembers/currentmembers
CRI,Costa Rica,Member state,https://research.un.org/en/unmembers/currentmembers
CIV,Côte d'Ivoire,Member state,https://research.un.org/en/unmembers/currentmembers
HRV,Croatia,Member state,https://research.un.org/en/unmembers/currentmembers
CUB,Cuba,Member state,https://research.un.org/en/unmembers/currentmembers
CYP,Cyprus,Member state,https://research.un.org/en/unmembers/currentmembers
CZE,Czechia,Member state,https://research.un.org/en/unmembers/currentmembers
PRK,Democratic People's Republic of Korea,Member state,https://research.un.org/en/unmembers/currentmembers
COD,Democratic Republic of the Congo,Member state,https://research.un.org/en/unmembers/currentmembers
DNK,Denmark,Member state,https://research.un.org/en/unmembers/currentmembers
DJI,Djibouti,Member state,https://research.un.org/en/unmembers/currentmembers
DMA,Dominica,Member state,https://research.un.org/en/unmembers/currentmembers
DOM,Dominican Republic,Member state,https://research.un.org/en/unmembers/currentmembers
ECU,Ecuador,Member state,https://research.un.org/en/unmembers/currentmembers
EGY,Egypt,Member state,https://research.un.org/en/unmembers/currentmembers
SLV,El Salvador,Member state,https://research.un.org/en/unmembers/currentmembers
GNQ,Equatorial Guinea,Member state,https://research.un.org/en/unmembers/currentmembers
ERI,Eritrea,Member state,https://research.un.org/en/unmembers/currentmembers
EST,Estonia,Member state,https://research.un.org/en/unmembers/currentmembers
SWZ,Eswatini,Member state,https://research.un.org/en/unmembers/currentmembers
ETH,Ethiopia,Member state,https://research.un.org/en/unmembers/currentmembers
FJI,Fiji,Member state,https://research.un.org/en/unmembers/currentmembers
FIN,Finland,Member state,https://research.un.org/en/unmembers/currentmembers
FRA,France,Member state,https://research.un.org/en/unmembers/currentmembers
GAB,Gabon,Member state,https://research.un.org/en/unmembers/currentmembers
GMB,Gambia,Member state,https://research.un.org/en/unmembers/currentmembers
GEO,Georgia,Member state,https://research.un.org/en/unmembers/currentmembers
DEU,Germany,Member state,https://research.un.org/en/unmembers/currentmembers
GHA,Ghana,Member state,https://research.un.org/en/unmembers/currentmembers
GRC,Greece,Member state,https://research.un.org/en/unmembers/currentmembers
GRD,Grenada,Member state,https://research.un.org/en/unmembers/currentmembers
GTM,Guatemala,Member state,https://research.un.org/en/unmembers/currentmembers
GIN,Guinea,Member state,https://research.un.org/en/unmembers/currentmembers
GNB,Guinea-Bissau,Member state,https://research.un.org/en/unmembers/currentmembers
GUY,Guyana,Member state,https://research.un.org/en/unmembers/currentmembers
HTI,Haiti,Member state,https://research.un.org/en/unmembers/currentmembers
HND,Honduras,Member state,https://research.un.org/en/unmembers/currentmembers
HUN,Hungary,Member state,https://research.un.org/en/unmembers/currentmembers
ISL,Iceland,Member state,https://research.un.org/en/unmembers/currentmembers
IND,India,Member state,https://research.un.org/en/unmembers/currentmembers
IDN,Indonesia,Member state,https://research.un.org/en/unmembers/currentmembers
IRN,Iran (Islamic Republic of),Member state,https://research.un.org/en/unmembers/currentmembers
IRQ,Iraq,Member state,https://research.un.org/en/unmembers/currentmembers
IRL,Ireland,Member state,https://research.un.org/en/unmembers/currentmembers
ISR,Israel,Member state,https://research.un.org/en/unmembers/currentmembers
ITA,Italy,Member state,https://research.un.org/en/unmembers/currentmembers
JAM,Jamaica,Member state,https://research.un.org/en/unmembers/currentmembers
JPN,Japan,Member state,https://research.un.org/en/unmembers/currentmembers
JOR,Jordan,Member state,https://research.un.org/en/unmembers/currentmembers
KAZ,Kazakhstan,Member state,https://research.un.org/en/unmembers/currentmembers
KEN,Kenya,Member state,https://research.un.org/en/unmembers/currentmembers
KIR,Kiribati,Member state,https://research.un.org/en/unmembers/currentmembers
KWT,Kuwait,Member state,https://research.un.org/en/unmembers/currentmembers
KGZ,Kyrgyzstan,Member state,https://research.un.org/en/unmembers/currentmembers
LAO,Lao People's Democratic Republic,Member state,https://research.un.org/en/unmembers/currentmembers
LVA,Latvia,Member state,https://research.un.org/en/unmembers/currentmembers
LBN,Lebanon,Member state,https://research.un.org/en/unmembers/currentmembers
LSO,Lesotho,Member state,https://research.un.org/en/unmembers/currentmembers
LBR,Liberia,Member state,https://research.un.org/en/unmembers/currentmembers
LBY,Libya,Member state,https://research.un.org/en/unmembers/currentmembers
LIE,Liechtenstein,Member state,https://research.un.org/en/unmembers/currentmembers
LTU,Lithuania,Member state,https://research.un.org/en/unmembers/currentmembers
LUX,Luxembourg,Member state,https://research.un.org/en/unmembers/currentmembers
MDG,Madagascar,Member state,https://research.un.org/en/unmembers/currentmembers
MWI,Malawi,Member state,https://research.un.org/en/unmembers/currentmembers
MYS,Malaysia,Member state,https://research.un.org/en/unmembers/currentmembers
MDV,Maldives,Member state,https://research.un.org/en/unmembers/currentmembers
MLI,Mali,Member state,https://research.un.org/en/unmembers/currentmembers
MLT,Malta,Member state,https://research.un.org/en/unmembers/currentmembers
MHL,Marshall Islands,Member state,https://research.un.org/en/unmembers/currentmembers
MRT,Mauritania,Member state,https://research.un.org/en/unmembers/currentmembers
MUS,Mauritius,Member state,https://research.un.org/en/unmembers/currentmembers
MEX,Mexico,Member state,https://research.un.org/en/unmembers/currentmembers
FSM,Micronesia (Federated States of),Member state,https://research.un.org/en/unmembers/currentmembers
MCO,Monaco,Member state,https://research.un.org/en/unmembers/currentmembers
MNG,Mongolia,Member state,https://research.un.org/en/unmembers/currentmembers
MNE,Montenegro,Member state,https://research.un.org/en/unmembers/currentmembers
MAR,Morocco,Member state,https://research.un.org/en/unmembers/currentmembers
MOZ,Mozambique,Member state,https://research.un.org/en/unmembers/currentmembers
MMR,Myanmar,Member state,https://research.un.org/en/unmembers/currentmembers
NAM,Namibia,Member state,https://research.un.org/en/unmembers/currentmembers
NRU,Naoero,Member state,https://research.un.org/en/unmembers/currentmembers
NPL,Nepal,Member state,https://research.un.org/en/unmembers/currentmembers
NLD,Netherlands (Kingdom of the),Member state,https://research.un.org/en/unmembers/currentmembers
NZL,New Zealand,Member state,https://research.un.org/en/unmembers/currentmembers
NIC,Nicaragua,Member state,https://research.un.org/en/unmembers/currentmembers
NER,Niger,Member state,https://research.un.org/en/unmembers/currentmembers
NGA,Nigeria,Member state,https://research.un.org/en/unmembers/currentmembers
MKD,North Macedonia,Member state,https://research.un.org/en/unmembers/currentmembers
NOR,Norway,Member state,https://research.un.org/en/unmembers/currentmembers
OMN,Oman,Member state,https://research.un.org/en/unmembers/currentmembers
PAK,Pakistan,Member state,https://research.un.org/en/unmembers/currentmembers
PLW,Palau,Member state,https://research.un.org/en/unmembers/currentmembers
PAN,Panama,Member state,https://research.un.org/en/unmembers/currentmembers
PNG,Papua New Guinea,Member state,https://research.un.org/en/unmembers/currentmembers
PRY,Paraguay,Member state,https://research.un.org/en/unmembers/currentmembers
PER,Peru,Member state,https://research.un.org/en/unmembers/currentmembers
PHL,Philippines,Member state,https://research.un.org/en/unmembers/currentmembers
POL,Poland,Member state,https://research.un.org/en/unmembers/currentmembers
PRT,Portugal,Member state,https://research.un.org/en/unmembers/currentmembers
QAT,Qatar,Member state,https://research.un.org/en/unmembers/currentmembers
KOR,Republic of Korea,Member state,https://research.un.org/en/unmembers/currentmembers
MDA,Republic of Moldova,Member state,https://research.un.org/en/unmembers/currentmembers
ROU,Romania,Member state,https://research.un.org/en/unmembers/currentmembers
RUS,Russian Federation,Member state,https://research.un.org/en/unmembers/currentmembers
RWA,Rwanda,Member state,https://research.un.org/en/unmembers/currentmembers
KNA,Saint Kitts and Nevis,Member state,https://research.un.org/en/unmembers/currentmembers
LCA,Saint Lucia,Member state,https://research.un.org/en/unmembers/currentmembers
VCT,Saint Vincent and the Grenadines,Member state,https://research.un.org/en/unmembers/currentmembers
WSM,Samoa,Member state,https://research.un.org/en/unmembers/currentmembers
SMR,San Marino,Member state,https://research.un.org/en/unmembers/currentmembers
STP,Sao Tome and Principe,Member state,https://research.un.org/en/unmembers/currentmembers
SAU,Saudi Arabia,Member state,https://research.un.org/en/unmembers/currentmembers
SEN,Senegal,Member state,https://research.un.org/en/unmembers/currentmembers
SRB,Serbia,Member state,https://research.un.org/en/unmembers/currentmembers
SYC,Seychelles,Member state,https://research.un.org/en/unmembers/currentmembers
SLE,Sierra Leone,Member state,https://research.un.org/en/unmembers/currentmembers
SGP,Singapore,Member state,https://research.un.org/en/unmembers/currentmembers
SVK,Slovakia,Member state,https://research.un.org/en/unmembers/currentmembers
SVN,Slovenia,Member state,https://research.un.org/en/unmembers/currentmembers
SLB,Solomon Islands,Member state,https://research.un.org/en/unmembers/currentmembers
SOM,Somalia,Member state,https://research.un.org/en/unmembers/currentmembers
ZAF,South Africa,Member state,https://research.un.org/en/unmembers/currentmembers
SSD,South Sudan,Member state,https://research.un.org/en/unmembers/currentmembers
ESP,Spain,Member state,https://research.un.org/en/unmembers/currentmembers
LKA,Sri Lanka,Member state,https://research.un.org/en/unmembers/currentmembers
SDN,Sudan,Member state,https://research.un.org/en/unmembers/currentmembers
SUR,Suriname,Member state,https://research.un.org/en/unmembers/currentmembers
SWE,Sweden,Member state,https://research.un.org/en/unmembers/currentmembers
CHE,Switzerland,Member state,https://research.un.org/en/unmembers/currentmembers
SYR,Syrian Arab Republic,Member state,https://research.un.org/en/unmembers/currentmembers
TJK,Tajikistan,Member state,https://research.un.org/en/unmembers/currentmembers
THA,Thailand,Member state,https://research.un.org/en/unmembers/currentmembers
TLS,Timor-Leste,Member state,https://research.un.org/en/unmembers/currentmembers
TGO,Togo,Member state,https://research.un.org/en/unmembers/currentmembers
TON,Tonga,Member state,https://research.un.org/en/unmembers/currentmembers
TTO,Trinidad and Tobago,Member state,https://research.un.org/en/unmembers/currentmembers
TUN,Tunisia,Member state,https://research.un.org/en/unmembers/currentmembers
TUR,Türkiye,Member state,https://research.un.org/en/unmembers/currentmembers
TKM,Turkmenistan,Member state,https://research.un.org/en/unmembers/currentmembers
TUV,Tuvalu,Member state,https://research.un.org/en/unmembers/currentmembers
UGA,Uganda,Member state,https://research.un.org/en/unmembers/currentmembers
UKR,Ukraine,Member state,https://research.un.org/en/unmembers/currentmembers
ARE,United Arab Emirates,Member state,https://research.un.org/en/unmembers/currentmembers
GBR,United Kingdom,Member state,https://research.un.org/en/unmembers/currentmembers
TZA,United Republic of Tanzania,Member state,https://research.un.org/en/unmembers/currentmembers
USA,United States,Member state,https://research.un.org/en/unmembers/currentmembers
URY,Uruguay,Member state,https://research.un.org/en/unmembers/currentmembers
UZB,Uzbekistan,Member state,https://research.un.org/en/unmembers/currentmembers
VUT,Vanuatu,Member state,https://research.un.org/en/unmembers/currentmembers
VEN,Venezuela (Bolivarian Republic of),Member state,https://research.un.org/en/unmembers/currentmembers
VNM,Viet Nam,Member state,https://research.un.org/en/unmembers/currentmembers
YEM,Yemen,Member state,https://research.un.org/en/unmembers/currentmembers
ZMB,Zambia,Member state,https://research.un.org/en/unmembers/currentmembers
ZWE,Zimbabwe,Member state,https://research.un.org/en/unmembers/currentmembers
VAT,Holy See,Observer state,https://research.un.org/en/unmembers/observers
PSE,State of Palestine,Observer state,https://research.un.org/en/unmembers/observers
