id,type,statement,sources,locator,basis,scope,limits,gate1,gate2,gate3,gate4,gate5,release
F01,Verified fact,Inclusive Minds describes itself as INC-aligned and lists six work verticals.,"[""S01""]",About Us; Our Work,Employer is authoritative for its stated identity; effectiveness not inferred.,Organisation | Retrieved 2026-10-08,,PASS,PASS:authoritative record/consistent derivation,PASS:scope/date/units checked,PASS:no causal extension,PASS:traceable bounded expression,Released as labelled Verified fact
F02,Employer statement,"Employer Generalist post identifies Hyderabad on-site and experience in research, strategy, communication or project management.","[""S02""]",Hiring post,Original source supports the bounded documentary statement; no independent outcome confirmation implied.,Vacancy | Retrieved 2026-10-08,Open status and exact applicant-targeted requisition unconfirmed.,PASS,PASS:bounded record; source limitations disclosed,PASS:scope/date/units checked,PASS:no causal extension,PASS:traceable bounded expression,Released as labelled Employer statement
F03,Verified fact,"GO 55 of 11 February 2026 reorganised CURE into GHMC, CMC and MMC with immediate effect.","[""S03"", ""S04"", ""S15""]",GO 55 pp 1–2,Official listing confirms instrument; later government event confirms corporation names. Shared state lineage.,CURE | 2026-02-11,,PASS,PASS:authoritative record/consistent derivation,PASS:scope/date/units checked,PASS:no causal extension,PASS:traceable bounded expression,Released as labelled Verified fact
F04,Verified fact,"CMC comprises Serilingampally, Kukatpally and Qutbullapur zones; MMC comprises Malkajgiri, Uppal and L.B.Nagar zones.","[""S03""]",GO 55 operative zone allocation,Original source supports the bounded documentary statement; no independent outcome confirmation implied.,CURE | 2026-02-11,,PASS,PASS:authoritative record/consistent derivation,PASS:scope/date/units checked,PASS:no causal extension,PASS:traceable bounded expression,Released as labelled Verified fact
F05,Verified fact,"GHMC comprises Shamshabad, Rajendernagar, Charminar, Golconda, Khairatabad and Secunderabad zones.","[""S03""]",GO 55 operative zone allocation,Original source supports the bounded documentary statement; no independent outcome confirmation implied.,CURE | 2026-02-11,,PASS,PASS:authoritative record/consistent derivation,PASS:scope/date/units checked,PASS:no causal extension,PASS:traceable bounded expression,Released as labelled Verified fact
F06,Verified fact,"HYDRAA describes its CURE-wide remit as disaster management and protection of government / public assets, under MAUD.","[""S05""]",Mandate; Jurisdictional Coverage,Original source supports the bounded documentary statement; no independent outcome confirmation implied.,CURE | Retrieved 2026-10-08,"Case-specific authority, due process and orders require case-specific legal review.",PASS,PASS:authoritative record/consistent derivation,PASS:scope/date/units checked,PASS:no causal extension,PASS:traceable bounded expression,Released as labelled Verified fact
F07,Verified fact,2023 Telangana Assembly seats won: INC 64; BRS 39; BJP 8; AIMIM 7; CPI 1.,"[""S06""]",WON column,ECI authoritative record; total independently recomputed 119.,Telangana | 2023 election,,PASS,PASS:authoritative record/consistent derivation,PASS:scope/date/units checked,PASS:no causal extension,PASS:traceable bounded expression,Released as labelled Verified fact
F08,Derived statistic,"In selected Assembly seats AC 57–71,2023 winners were BRS 7, AIMIM 7, BJP 1, INC 0.","[""S07""]",AC 57–71,Count of 15 named winners; list in appendix; total 15.,Declared 15-seat study set | 2023 election,Selected historical set; not all Greater Hyderabad or current affiliation.,PASS,PASS:authoritative record/consistent derivation,PASS:scope/date/units checked,PASS:no causal extension,PASS:traceable bounded expression,Released as labelled Derived statistic
F09,Verified fact,"Nampally, 2023: winner 62,185; runner-up 60,148; margin 2,037 votes.","[""S07""]",PDF p 3; winner/runner-up table,Recomputed 62185-60148=2037.,Nampally | 2023 election,Different runner-up parties; margin does not measure community cohesion or future probability.,PASS,PASS:authoritative record/consistent derivation,PASS:scope/date/units checked,PASS:no causal extension,PASS:traceable bounded expression,Released as labelled Verified fact
F10,Verified fact,"Yakutpura, 2023: winner 46,153; runner-up 45,275; margin 878 votes.","[""S07""]",PDF p 3; winner/runner-up table,Recomputed 46153-45275=878.,Yakutpura | 2023 election,Different runner-up parties; margin does not measure community cohesion or future probability.,PASS,PASS:authoritative record/consistent derivation,PASS:scope/date/units checked,PASS:no causal extension,PASS:traceable bounded expression,Released as labelled Verified fact
F11,Verified fact,"Chandrayangutta, 2023: winner 99,776; runner-up 18,116; margin 81,660 votes.","[""S07""]",PDF p 3; winner/runner-up table,Recomputed 99776-18116=81660.,Chandrayangutta | 2023 election,Different runner-up parties; margin does not measure community cohesion or future probability.,PASS,PASS:authoritative record/consistent derivation,PASS:scope/date/units checked,PASS:no causal extension,PASS:traceable bounded expression,Released as labelled Verified fact
F12,Verified fact,"Malkajgiri, 2024 Lok Sabha: Eatala Rajender (BJP) led with 991,042 votes; runner-up 599,567.","[""S08""]",p 580,Highest candidate vote total in final ECI constituency table.,Malkajgiri | 2024 election,Election-time results; four PCs have boundaries different from the 15-seat Assembly set.,PASS,PASS:authoritative record/consistent derivation,PASS:scope/date/units checked,PASS:no causal extension,PASS:traceable bounded expression,Released as labelled Verified fact
F13,Verified fact,"Secunderabad, 2024 Lok Sabha: G.Kishan Reddy (BJP) led with 473,012 votes; runner-up 423,068.","[""S08""]",p 581,Highest candidate vote total in final ECI constituency table.,Secunderabad | 2024 election,Election-time results; four PCs have boundaries different from the 15-seat Assembly set.,PASS,PASS:authoritative record/consistent derivation,PASS:scope/date/units checked,PASS:no causal extension,PASS:traceable bounded expression,Released as labelled Verified fact
F14,Verified fact,"Hyderabad, 2024 Lok Sabha: Asaduddin Owaisi (AIMIM) led with 661,981 votes; runner-up 323,894.","[""S08""]",p 583,Highest candidate vote total in final ECI constituency table.,Hyderabad | 2024 election,Election-time results; four PCs have boundaries different from the 15-seat Assembly set.,PASS,PASS:authoritative record/consistent derivation,PASS:scope/date/units checked,PASS:no causal extension,PASS:traceable bounded expression,Released as labelled Verified fact
F15,Verified fact,"Chevella, 2024 Lok Sabha: Konda Vishweshwar Reddy (BJP) led with 809,882 votes; runner-up 636,985.","[""S08""]",p 585,Highest candidate vote total in final ECI constituency table.,Chevella | 2024 election,Election-time results; four PCs have boundaries different from the 15-seat Assembly set.,PASS,PASS:authoritative record/consistent derivation,PASS:scope/date/units checked,PASS:no causal extension,PASS:traceable bounded expression,Released as labelled Verified fact
F16,Verified fact,"First Telangana Assembly as of 2 June 2014: TRS 63, INC 21, out of 119.","[""S16""]",Printed 410/PDF 63,Original source supports the bounded documentary statement; no independent outcome confirmation implied.,Telangana | 2014-06-02,,PASS,PASS:authoritative record/consistent derivation,PASS:scope/date/units checked,PASS:no causal extension,PASS:traceable bounded expression,Released as labelled Verified fact
F17,Reported historical fact,Contemporaneous 2018 reporting recorded TRS 88 and INC 19 Assembly seats.,"[""S17"", ""S18""]",Updated results paragraphs,Two publications agree; shared ECI upstream. Full party aggregation not ingested.,Telangana | 2018-12-12,,PASS,PASS:bounded record; source limitations disclosed,PASS:scope/date/units checked,PASS:no causal extension,PASS:traceable bounded expression,Released as labelled Reported historical fact
F18,Reported historical fact,"Published 2016 GHMC recap: TRS 99, AIMIM 44, BJP 4, INC 2, TDP 1.","[""S19"", ""S20""]",Numerical result paragraphs,NDTV recap agrees with contemporaneous PTI results; sums 150.,GHMC 2016 footprint | 2016 election,Direct TSEC dataset not accessed; descriptive context only.,PASS,PASS:bounded record; source limitations disclosed,PASS:scope/date/units checked,PASS:no causal extension,PASS:traceable bounded expression,Released as labelled Reported historical fact
F19,Reported historical fact,"Post-Neredmet 2020 reporting: TRS 56, BJP 48, AIMIM 44, INC 2.","[""S21"", ""S22""]",Results paragraphs; final Neredmet result,Independent named reporting agrees; sums 150. Earlier 55 tally incomplete.,GHMC 2020 footprint | 2020-12-10,Not current corporation composition or a projection of 2026.,PASS,PASS:bounded record; source limitations disclosed,PASS:scope/date/units checked,PASS:no causal extension,PASS:traceable bounded expression,Released as labelled Reported historical fact
F20,Reported event,"Congress candidate V.Naveen Yadav won the November 2025 Jubilee Hills by-election, according to corroborated reporting.","[""S23"", ""S24""]",Winner reports,"Reports agree on winner, disagree on totals. Totals removed.",Jubilee Hills | 2025-11-14,Authoritative final Form 20 requested; no present membership/legal-status assertion.,PASS,PASS:bounded record; source limitations disclosed,PASS:scope/date/units checked,PASS:no causal extension,PASS:traceable bounded expression,Released as labelled Reported event
F21,Verified fact,"2026–27 BE: H-CITY assistance to CURE ₹2,654 crore.","[""S09"", ""S10""]",Table 10 PDF 16,PRS supplies fiscal scrutiny; primary line used for exact label.,CURE allocation | FY 2026–27,Budget instrument spelling H-CITY preserved. Not actual expenditure.,PASS,PASS:authoritative record/consistent derivation,PASS:scope/date/units checked,PASS:no causal extension,PASS:traceable bounded expression,Released as labelled Verified fact
F22,Verified fact,"2026–27 BE: Musi Riverfront development ₹1,500 crore.","[""S09""]",Table 10 PDF 16,Original source supports the bounded documentary statement; no independent outcome confirmation implied.,Scheme allocation | FY 2026–27,,PASS,PASS:authoritative record/consistent derivation,PASS:scope/date/units checked,PASS:no causal extension,PASS:traceable bounded expression,Released as labelled Verified fact
F23,Verified fact,"2026–27 BE: loans to HMWSSB for development ₹1,450 crore.","[""S09""]",Table 10 PDF 16,Original source supports the bounded documentary statement; no independent outcome confirmation implied.,Scheme allocation | FY 2026–27,,PASS,PASS:authoritative record/consistent derivation,PASS:scope/date/units checked,PASS:no causal extension,PASS:traceable bounded expression,Released as labelled Verified fact
F24,Verified fact,2026–27 BE: Metro Rail Phase II ₹600 crore.,"[""S09""]",Table 10 PDF 17,Original source supports the bounded documentary statement; no independent outcome confirmation implied.,Scheme allocation | FY 2026–27,,PASS,PASS:authoritative record/consistent derivation,PASS:scope/date/units checked,PASS:no causal extension,PASS:traceable bounded expression,Released as labelled Verified fact
F25,Verified fact,2026–27 BE: loans to HMRL ₹500 crore.,"[""S09""]",Table 10 PDF 17,Original source supports the bounded documentary statement; no independent outcome confirmation implied.,Scheme allocation | FY 2026–27,Separate financing line; not described as another ₹500 crore of Phase II construction.,PASS,PASS:authoritative record/consistent derivation,PASS:scope/date/units checked,PASS:no causal extension,PASS:traceable bounded expression,Released as labelled Verified fact
F26,Verified fact,2026–27 BE: 20 KL free-water reimbursement to HMWSSB ₹300 crore.,"[""S09""]",Table 10 PDF 17,Original source supports the bounded documentary statement; no independent outcome confirmation implied.,Scheme allocation | FY 2026–27,,PASS,PASS:authoritative record/consistent derivation,PASS:scope/date/units checked,PASS:no causal extension,PASS:traceable bounded expression,Released as labelled Verified fact
F27,Verified fact,"State capital expenditure: 2025–26 RE ₹36,480.87 crore; 2026–27 BE ₹47,267.28 crore.","[""S09"", ""S10""]",Table 4 PDF 4,PRS rounds capital outlay and describes rise of 30%; raw budget numbers used.,Telangana | FY 2025–26 RE and 2026–27 BE,,PASS,PASS:authoritative record/consistent derivation,PASS:scope/date/units checked,PASS:no causal extension,PASS:traceable bounded expression,Released as labelled Verified fact
F28,Derived statistic,"Nominal state capex BE/RE increase is 29.57%, rounded 29.6%.","[""S09""]",Derived from F27,(47267.28/36480.87-1)*100=29.5673%; recomputed.,Telangana | FY 2026–27,"Plan-to-revised-plan comparison, not realised growth or inflation-adjusted change.",PASS,PASS:authoritative record/consistent derivation,PASS:scope/date/units checked,PASS:no causal extension,PASS:traceable bounded expression,Released as labelled Derived statistic
F29,Verified fact,"State 2026–27 BE: Indiramma Houses ₹5,500 crore; Mahalaxmi RTC ₹4,305 crore; Rajiv Aarogya Sri ₹1,143 crore.","[""S09""]",Table 10 PDF 15,Original source supports the bounded documentary statement; no independent outcome confirmation implied.,Telangana | FY 2026–27,Statewide allocations; no Hyderabad beneficiary count or effect derived.,PASS,PASS:authoritative record/consistent derivation,PASS:scope/date/units checked,PASS:no causal extension,PASS:traceable bounded expression,Released as labelled Verified fact
F30,Agency objectives,"MRDCL describes Musi vision in terms of ecological restoration, sewage interception/treatment, floodplain zones and mobility/livelihoods.","[""S11""]",Vision,Original source supports the bounded documentary statement; no independent outcome confirmation implied.,Musi project | Retrieved 2026-10-08,"Intended scope, not achieved outcomes.",PASS,PASS:bounded record; source limitations disclosed,PASS:scope/date/units checked,PASS:no causal extension,PASS:traceable bounded expression,Released as labelled Agency objectives
F31,Official statement,"At the 13 March 2026 Musi conference, the CM addressed compensation and livelihood concerns associated with relocation.","[""S12""]",English compensation/livelihood paragraphs,Original source supports the bounded documentary statement; no independent outcome confirmation implied.,Musi PhaseI | 2026-03-13,No claim that commitments were fulfilled; household/cost totals excluded.,PASS,PASS:bounded record; source limitations disclosed,PASS:scope/date/units checked,PASS:no causal extension,PASS:traceable bounded expression,Released as labelled Official statement
F32,Official sector description,State investment portal identifies Genome Valley at Shamirpet and electronics manufacturing clusters.,"[""S14""]",Industrial-parks section,Original source supports the bounded documentary statement; no independent outcome confirmation implied.,Named locations / Telangana | Retrieved 2026-10-08,"Not current jobs, output, access or geographic concentration measurements.",PASS,PASS:bounded record; source limitations disclosed,PASS:scope/date/units checked,PASS:no causal extension,PASS:traceable bounded expression,Released as labelled Official sector description
F33,Verified fact,BuildNow lists GO 68 dated 12 March 2025 for expansion of HMR and GO 69 for FCDA.,"[""S04""]",GO 68/69 entries,Original source supports the bounded documentary statement; no independent outcome confirmation implied.,Planning instruments | 2025-03-12,Full boundary polygons and area totals not ingested; no numerical metropolitan area claim.,PASS,PASS:authoritative record/consistent derivation,PASS:scope/date/units checked,PASS:no causal extension,PASS:traceable bounded expression,Released as labelled Verified fact
F34,Candidate self-report,"Candidate resume lists MBA, IIM Shillong, 2023–25; Consultant Marketing and Strategy at Nation With Namo, May 2025–Apr 2026.","[""S25""]",Education/workExperience,Original source supports the bounded documentary statement; no independent outcome confirmation implied.,Candidate | CV periods,Not independently audited.,PASS,PASS:bounded record; source limitations disclosed,PASS:scope/date/units checked,PASS:no causal extension,PASS:traceable bounded expression,Released as labelled Candidate self-report
F35,Candidate self-report,Candidate resume reports introducing an evidence-based review system for a seven-person political-intelligence team.,"[""S25""]",workExperience bullet 3,Original source supports the bounded documentary statement; no independent outcome confirmation implied.,Candidate work | 2025–26,"Capability evidence, not independently proven team outcome.",PASS,PASS:bounded record; source limitations disclosed,PASS:scope/date/units checked,PASS:no causal extension,PASS:traceable bounded expression,Released as labelled Candidate self-report
F36,Candidate self-report,"Candidate resume reports modelling Meghalaya PDS and analysing 4,500+government records.","[""S25""]","Projects, Jul–Sep 2024",Original source supports the bounded documentary statement; no independent outcome confirmation implied.,Meghalaya project | 2024,No claim that the model itself caused public-service improvements.,PASS,PASS:bounded record; source limitations disclosed,PASS:scope/date/units checked,PASS:no causal extension,PASS:traceable bounded expression,Released as labelled Candidate self-report
F37,Candidate self-report,"Candidate resume lists manashdeori 09@gmail.com, LinkedIn/manash-protim-deori and openness to relocation.","[""S25""]",Header,Original source supports the bounded documentary statement; no independent outcome confirmation implied.,Candidate | Retrieved 2026-10-08,,PASS,PASS:bounded record; source limitations disclosed,PASS:scope/date/units checked,PASS:no causal extension,PASS:traceable bounded expression,Released as labelled Candidate self-report
I02,Bounded inference,Geographic discontinuity and contrasting electoral observations make a single-city political narrative unreliable. Public investment lines create testable implementation questions.,"[""S03"", ""S04"", ""S06"", ""S07"", ""S09"", ""S10"", ""S15""]",M02,"Premises: F03,F07,F08,F21,F22. Geographic discontinuity and contrasting electoral observations make a single-city political narrative unreliable. Public investment lines create testable implementation questions.",Executive assessment,The selected electoral units are not identical; allocations and governance changes do not establish public approval.,PASS:premises or labelled proposal,PASS:lineage and alternatives in notes,PASS:scope and future tense explicit,PASS:bounded inference,PASS:traceability,Bounded analysis
R02,Proposed work product,Research action implied by contribution; no guaranteed public/political impact.,"[""S03"", ""S04"", ""S06"", ""S07"", ""S09"", ""S10"", ""S15""]",M02,"Premises: F03,F07,F08,F21,F22. Geographic discontinuity and contrasting electoral observations make a single-city political narrative unreliable. Public investment lines create testable implementation questions.",Executive assessment,The selected electoral units are not identical; allocations and governance changes do not establish public approval.,PASS:premises or labelled proposal,PASS:lineage and alternatives in notes,PASS:scope and future tense explicit,CONDITIONAL:untested implementation,CONDITIONAL:manager approval/access/review,Proposal only; not verified feasibility or guaranteed impact
C02,Candidate contribution,"I would keep institution-specific election briefs and challenge citywide extrapolation.; I would version the geography crosswalk before joining service or election data.; I would track release, delivery and service experience separately.","[""S03"", ""S04"", ""S06"", ""S07"", ""S09"", ""S10"", ""S15""]",M02,"Premises: F03,F07,F08,F21,F22. Geographic discontinuity and contrasting electoral observations make a single-city political narrative unreliable. Public investment lines create testable implementation questions.",Executive assessment,The selected electoral units are not identical; allocations and governance changes do not establish public approval.,PASS:premises or labelled proposal,PASS:lineage and alternatives in notes,PASS:scope and future tense explicit,CONDITIONAL:untested implementation,CONDITIONAL:manager approval/access/review,Proposal only; not verified feasibility or guaranteed impact
I03,Bounded inference,Research and project coordination in the resume match public role requirements at a methodological level.,"[""S01"", ""S02"", ""S25""]",M03,"Premises: F01,F02,F34,F35. Research and project coordination in the resume match public role requirements at a methodological level.",Organisation and role,Exact requisition and open status unconfirmed. I do not claim knowledge of internal workflows or personal ideological alignment.,PASS:premises or labelled proposal,PASS:lineage and alternatives in notes,PASS:scope and future tense explicit,PASS:bounded inference,PASS:traceability,Bounded analysis
R03,Proposed work product,Research action implied by contribution; no guaranteed public/political impact.,"[""S01"", ""S02"", ""S25""]",M03,"Premises: F01,F02,F34,F35. Research and project coordination in the resume match public role requirements at a methodological level.",Organisation and role,Exact requisition and open status unconfirmed. I do not claim knowledge of internal workflows or personal ideological alignment.,PASS:premises or labelled proposal,PASS:lineage and alternatives in notes,PASS:scope and future tense explicit,CONDITIONAL:untested implementation,CONDITIONAL:manager approval/access/review,Proposal only; not verified feasibility or guaranteed impact
C03,Candidate contribution,"I would turn research into concise, source-backed briefs and coordinate review across functions.","[""S01"", ""S02"", ""S25""]",M03,"Premises: F01,F02,F34,F35. Research and project coordination in the resume match public role requirements at a methodological level.",Organisation and role,Exact requisition and open status unconfirmed. I do not claim knowledge of internal workflows or personal ideological alignment.,PASS:premises or labelled proposal,PASS:lineage and alternatives in notes,PASS:scope and future tense explicit,CONDITIONAL:untested implementation,CONDITIONAL:manager approval/access/review,Proposal only; not verified feasibility or guaranteed impact
I04,Bounded inference,The GO allocates municipal zones; election tables use constituency codes. A name match does not establish identical population or jurisdiction.,"[""S03"", ""S04"", ""S15""]",M04,"Premises: F03,F04,F05,F33. The GO allocates municipal zones; election tables use constituency codes. A name match does not establish identical population or jurisdiction.",Geographic foundation,"Classification schematic, not a geographic map. No unverified GIS polygon or area estimate is shown.",PASS:premises or labelled proposal,PASS:lineage and alternatives in notes,PASS:scope and future tense explicit,PASS:bounded inference,PASS:traceability,Bounded analysis
R04,Proposed work product,Research action implied by contribution; no guaranteed public/political impact.,"[""S03"", ""S04"", ""S15""]",M04,"Premises: F03,F04,F05,F33. The GO allocates municipal zones; election tables use constituency codes. A name match does not establish identical population or jurisdiction.",Geographic foundation,"Classification schematic, not a geographic map. No unverified GIS polygon or area estimate is shown.",PASS:premises or labelled proposal,PASS:lineage and alternatives in notes,PASS:scope and future tense explicit,CONDITIONAL:untested implementation,CONDITIONAL:manager approval/access/review,Proposal only; not verified feasibility or guaranteed impact
C04,Candidate contribution,"I would create a dated crosswalk with overlap rules, official boundary files and exclusions before analysis.","[""S03"", ""S04"", ""S15""]",M04,"Premises: F03,F04,F05,F33. The GO allocates municipal zones; election tables use constituency codes. A name match does not establish identical population or jurisdiction.",Geographic foundation,"Classification schematic, not a geographic map. No unverified GIS polygon or area estimate is shown.",PASS:premises or labelled proposal,PASS:lineage and alternatives in notes,PASS:scope and future tense explicit,CONDITIONAL:untested implementation,CONDITIONAL:manager approval/access/review,Proposal only; not verified feasibility or guaranteed impact
I05,Bounded inference,Five distinct checks reduce identifiable errors; they cannot guarantee certainty or replace field validation.,"[""S02"", ""S23"", ""S24""]",M05,"Premises: F02,F20. Five distinct checks reduce identifiable errors; they cannot guarantee certainty or replace field validation.",Research discipline,"Twenty reviews are cumulative self-review passes, not 20 independent reviewers.",PASS:premises or labelled proposal,PASS:lineage and alternatives in notes,PASS:scope and future tense explicit,PASS:bounded inference,PASS:traceability,Bounded analysis
R05,Proposed work product,Research action implied by contribution; no guaranteed public/political impact.,"[""S02"", ""S23"", ""S24""]",M05,"Premises: F02,F20. Five distinct checks reduce identifiable errors; they cannot guarantee certainty or replace field validation.",Research discipline,"Twenty reviews are cumulative self-review passes, not 20 independent reviewers.",PASS:premises or labelled proposal,PASS:lineage and alternatives in notes,PASS:scope and future tense explicit,CONDITIONAL:untested implementation,CONDITIONAL:manager approval/access/review,Proposal only; not verified feasibility or guaranteed impact
C05,Candidate contribution,"I would keep a claim register, contradiction log and refresh queue attached to every brief.","[""S02"", ""S23"", ""S24""]",M05,"Premises: F02,F20. Five distinct checks reduce identifiable errors; they cannot guarantee certainty or replace field validation.",Research discipline,"Twenty reviews are cumulative self-review passes, not 20 independent reviewers.",PASS:premises or labelled proposal,PASS:lineage and alternatives in notes,PASS:scope and future tense explicit,CONDITIONAL:untested implementation,CONDITIONAL:manager approval/access/review,Proposal only; not verified feasibility or guaranteed impact
I06,Bounded inference,Results from different institutions document changing competition; they do not prove one stable electorate trajectory or a cause.,"[""S03"", ""S04"", ""S06"", ""S15"", ""S16"", ""S17"", ""S18"", ""S19"", ""S20"", ""S21"", ""S22""]",M06,"Premises: F16,F17,F18,F19,F07,F03. Results from different institutions document changing competition; they do not prove one stable electorate trajectory or a cause.",Historical turning points,2016/2020 municipal and 2018 summary figures are explicitly attributed reporting. No transfers of voters inferred.,PASS:premises or labelled proposal,PASS:lineage and alternatives in notes,PASS:scope and future tense explicit,PASS:bounded inference,PASS:traceability,Bounded analysis
R06,Proposed work product,Research action implied by contribution; no guaranteed public/political impact.,"[""S03"", ""S04"", ""S06"", ""S15"", ""S16"", ""S17"", ""S18"", ""S19"", ""S20"", ""S21"", ""S22""]",M06,"Premises: F16,F17,F18,F19,F07,F03. Results from different institutions document changing competition; they do not prove one stable electorate trajectory or a cause.",Historical turning points,2016/2020 municipal and 2018 summary figures are explicitly attributed reporting. No transfers of voters inferred.,PASS:premises or labelled proposal,PASS:lineage and alternatives in notes,PASS:scope and future tense explicit,CONDITIONAL:untested implementation,CONDITIONAL:manager approval/access/review,Proposal only; not verified feasibility or guaranteed impact
C06,Candidate contribution,"I would maintain an event ledger that separates electoral results, office changes, boundary changes and delivery milestones.","[""S03"", ""S04"", ""S06"", ""S15"", ""S16"", ""S17"", ""S18"", ""S19"", ""S20"", ""S21"", ""S22""]",M06,"Premises: F16,F17,F18,F19,F07,F03. Results from different institutions document changing competition; they do not prove one stable electorate trajectory or a cause.",Historical turning points,2016/2020 municipal and 2018 summary figures are explicitly attributed reporting. No transfers of voters inferred.,PASS:premises or labelled proposal,PASS:lineage and alternatives in notes,PASS:scope and future tense explicit,CONDITIONAL:untested implementation,CONDITIONAL:manager approval/access/review,Proposal only; not verified feasibility or guaranteed impact
I07,Bounded inference,A documented institution-specific chain is more useful than assigning every urban outcome to one politician or department.,"[""S03"", ""S04"", ""S05"", ""S09"", ""S10"", ""S11"", ""S15""]",M07,"Premises: F03,F06,F21,F30. A documented institution-specific chain is more useful than assigning every urban outcome to one politician or department.",Governance architecture,"This is a documented-role scaffold, not a complete current statutory responsibility matrix. Case-specific powers need validation.",PASS:premises or labelled proposal,PASS:lineage and alternatives in notes,PASS:scope and future tense explicit,PASS:bounded inference,PASS:traceability,Bounded analysis
R07,Proposed work product,Research action implied by contribution; no guaranteed public/political impact.,"[""S03"", ""S04"", ""S05"", ""S09"", ""S10"", ""S11"", ""S15""]",M07,"Premises: F03,F06,F21,F30. A documented institution-specific chain is more useful than assigning every urban outcome to one politician or department.",Governance architecture,"This is a documented-role scaffold, not a complete current statutory responsibility matrix. Case-specific powers need validation.",PASS:premises or labelled proposal,PASS:lineage and alternatives in notes,PASS:scope and future tense explicit,CONDITIONAL:untested implementation,CONDITIONAL:manager approval/access/review,Proposal only; not verified feasibility or guaranteed impact
C07,Candidate contribution,"I would produce one responsibility sheet for each issue: decision owner, payer, delivery body, review authority and evidence gap.","[""S03"", ""S04"", ""S05"", ""S09"", ""S10"", ""S11"", ""S15""]",M07,"Premises: F03,F06,F21,F30. A documented institution-specific chain is more useful than assigning every urban outcome to one politician or department.",Governance architecture,"This is a documented-role scaffold, not a complete current statutory responsibility matrix. Case-specific powers need validation.",PASS:premises or labelled proposal,PASS:lineage and alternatives in notes,PASS:scope and future tense explicit,CONDITIONAL:untested implementation,CONDITIONAL:manager approval/access/review,Proposal only; not verified feasibility or guaranteed impact
I08,Bounded inference,Reported same-institution seat counts show council-level change. Seats are not votes; result differences do not identify voter transitions.,"[""S19"", ""S20"", ""S21"", ""S22""]",M08,"Premises: F18,F19. Reported same-institution seat counts show council-level change. Seats are not votes; result differences do not identify voter transitions.",Election history,"Historical 150-seat GHMC tables, based on two corroborated reporting lineages. They are not 2026 corporation totals.",PASS:premises or labelled proposal,PASS:lineage and alternatives in notes,PASS:scope and future tense explicit,PASS:bounded inference,PASS:traceability,Bounded analysis
R08,Proposed work product,Research action implied by contribution; no guaranteed public/political impact.,"[""S19"", ""S20"", ""S21"", ""S22""]",M08,"Premises: F18,F19. Reported same-institution seat counts show council-level change. Seats are not votes; result differences do not identify voter transitions.",Election history,"Historical 150-seat GHMC tables, based on two corroborated reporting lineages. They are not 2026 corporation totals.",PASS:premises or labelled proposal,PASS:lineage and alternatives in notes,PASS:scope and future tense explicit,CONDITIONAL:untested implementation,CONDITIONAL:manager approval/access/review,Proposal only; not verified feasibility or guaranteed impact
C08,Candidate contribution,"I would preserve raw election vintages and compare only equivalent units, with candidate and boundary changes recorded.","[""S19"", ""S20"", ""S21"", ""S22""]",M08,"Premises: F18,F19. Reported same-institution seat counts show council-level change. Seats are not votes; result differences do not identify voter transitions.",Election history,"Historical 150-seat GHMC tables, based on two corroborated reporting lineages. They are not 2026 corporation totals.",PASS:premises or labelled proposal,PASS:lineage and alternatives in notes,PASS:scope and future tense explicit,CONDITIONAL:untested implementation,CONDITIONAL:manager approval/access/review,Proposal only; not verified feasibility or guaranteed impact
I09,Bounded inference,A contrasting selected-set result falsifies a claim that the statewide winner also won everywhere in the urban core.,"[""S06"", ""S07""]",M09,"Premises: F07,F08. A contrasting selected-set result falsifies a claim that the statewide winner also won everywhere in the urban core.",2023 Assembly comparison,"Selection is disclosed in full; no claim that 15 seats represent the entire metropolis. Historical results, not current membership.",PASS:premises or labelled proposal,PASS:lineage and alternatives in notes,PASS:scope and future tense explicit,PASS:bounded inference,PASS:traceability,Bounded analysis
R09,Proposed work product,Research action implied by contribution; no guaranteed public/political impact.,"[""S06"", ""S07""]",M09,"Premises: F07,F08. A contrasting selected-set result falsifies a claim that the statewide winner also won everywhere in the urban core.",2023 Assembly comparison,"Selection is disclosed in full; no claim that 15 seats represent the entire metropolis. Historical results, not current membership.",PASS:premises or labelled proposal,PASS:lineage and alternatives in notes,PASS:scope and future tense explicit,CONDITIONAL:untested implementation,CONDITIONAL:manager approval/access/review,Proposal only; not verified feasibility or guaranteed impact
C09,Candidate contribution,I would write explicitly scoped constituency briefs rather than treating the state mandate as a metropolitan result.,"[""S06"", ""S07""]",M09,"Premises: F07,F08. A contrasting selected-set result falsifies a claim that the statewide winner also won everywhere in the urban core.",2023 Assembly comparison,"Selection is disclosed in full; no claim that 15 seats represent the entire metropolis. Historical results, not current membership.",PASS:premises or labelled proposal,PASS:lineage and alternatives in notes,PASS:scope and future tense explicit,CONDITIONAL:untested implementation,CONDITIONAL:manager approval/access/review,Proposal only; not verified feasibility or guaranteed impact
I10,Bounded inference,Different institution-specific observations show why political strength cannot be represented by one number.,"[""S07"", ""S08""]",M10,"Premises: F12,F13,F14,F15,F08. Different institution-specific observations show why political strength cannot be represented by one number.",2024 Lok Sabha comparison,"Four PCs and the 15-seat AC set are not coextensive. Candidate effects, turnout and national context remain rival explanations.",PASS:premises or labelled proposal,PASS:lineage and alternatives in notes,PASS:scope and future tense explicit,PASS:bounded inference,PASS:traceability,Bounded analysis
R10,Proposed work product,Research action implied by contribution; no guaranteed public/political impact.,"[""S07"", ""S08""]",M10,"Premises: F12,F13,F14,F15,F08. Different institution-specific observations show why political strength cannot be represented by one number.",2024 Lok Sabha comparison,"Four PCs and the 15-seat AC set are not coextensive. Candidate effects, turnout and national context remain rival explanations.",PASS:premises or labelled proposal,PASS:lineage and alternatives in notes,PASS:scope and future tense explicit,CONDITIONAL:untested implementation,CONDITIONAL:manager approval/access/review,Proposal only; not verified feasibility or guaranteed impact
C10,Candidate contribution,"I would keep Assembly, parliamentary and civic result series separate, then test possible explanations through approved research.","[""S07"", ""S08""]",M10,"Premises: F12,F13,F14,F15,F08. Different institution-specific observations show why political strength cannot be represented by one number.",2024 Lok Sabha comparison,"Four PCs and the 15-seat AC set are not coextensive. Candidate effects, turnout and national context remain rival explanations.",PASS:premises or labelled proposal,PASS:lineage and alternatives in notes,PASS:scope and future tense explicit,CONDITIONAL:untested implementation,CONDITIONAL:manager approval/access/review,Proposal only; not verified feasibility or guaranteed impact
I11,Bounded inference,The same winning party across seats does not imply uniform competition. The 2025 Jubilee Hills reported Congress win also cautions against freezing 2023 as the present.,"[""S07"", ""S23"", ""S24""]",M11,"Premises: F09,F10,F11,F20. The same winning party across seats does not imply uniform competition. The 2025 Jubilee Hills reported Congress win also cautions against freezing 2023 as the present.",Political structure,"Margins are vote differences, not estimates of community opinion. Current legislator affiliations, legal disputes and municipal leadership require a fresh official roster.",PASS:premises or labelled proposal,PASS:lineage and alternatives in notes,PASS:scope and future tense explicit,PASS:bounded inference,PASS:traceability,Bounded analysis
R11,Proposed work product,Research action implied by contribution; no guaranteed public/political impact.,"[""S07"", ""S23"", ""S24""]",M11,"Premises: F09,F10,F11,F20. The same winning party across seats does not imply uniform competition. The 2025 Jubilee Hills reported Congress win also cautions against freezing 2023 as the present.",Political structure,"Margins are vote differences, not estimates of community opinion. Current legislator affiliations, legal disputes and municipal leadership require a fresh official roster.",PASS:premises or labelled proposal,PASS:lineage and alternatives in notes,PASS:scope and future tense explicit,CONDITIONAL:untested implementation,CONDITIONAL:manager approval/access/review,Proposal only; not verified feasibility or guaranteed impact
C11,Candidate contribution,"I would distinguish party presence, candidate competition and institutional control; update legal affiliation separately.","[""S07"", ""S23"", ""S24""]",M11,"Premises: F09,F10,F11,F20. The same winning party across seats does not imply uniform competition. The 2025 Jubilee Hills reported Congress win also cautions against freezing 2023 as the present.",Political structure,"Margins are vote differences, not estimates of community opinion. Current legislator affiliations, legal disputes and municipal leadership require a fresh official roster.",PASS:premises or labelled proposal,PASS:lineage and alternatives in notes,PASS:scope and future tense explicit,CONDITIONAL:untested implementation,CONDITIONAL:manager approval/access/review,Proposal only; not verified feasibility or guaranteed impact
I12,Bounded inference,"Cluster identification supports research design; it does not measure who benefits, city GDP or job quality.","[""S14""]",M12,"Premises: F32. Cluster identification supports research design; it does not measure who benefits, city GDP or job quality.",Political economy,"No city GDP, unemployment, export or employment estimate is asserted from a statewide promotional portal.",PASS:premises or labelled proposal,PASS:lineage and alternatives in notes,PASS:scope and future tense explicit,PASS:bounded inference,PASS:traceability,Bounded analysis
R12,Proposed work product,Research action implied by contribution; no guaranteed public/political impact.,"[""S14""]",M12,"Premises: F32. Cluster identification supports research design; it does not measure who benefits, city GDP or job quality.",Political economy,"No city GDP, unemployment, export or employment estimate is asserted from a statewide promotional portal.",PASS:premises or labelled proposal,PASS:lineage and alternatives in notes,PASS:scope and future tense explicit,CONDITIONAL:untested implementation,CONDITIONAL:manager approval/access/review,Proposal only; not verified feasibility or guaranteed impact
C12,Candidate contribution,"I would build a place-based opportunity brief using verified cluster locations, commuting access and service data.","[""S14""]",M12,"Premises: F32. Cluster identification supports research design; it does not measure who benefits, city GDP or job quality.",Political economy,"No city GDP, unemployment, export or employment estimate is asserted from a statewide promotional portal.",PASS:premises or labelled proposal,PASS:lineage and alternatives in notes,PASS:scope and future tense explicit,CONDITIONAL:untested implementation,CONDITIONAL:manager approval/access/review,Proposal only; not verified feasibility or guaranteed impact
I13,Bounded inference,Measured barriers are needed to connect clusters with residents’ opportunities. No labour-market deficit is assumed simply from cluster presence.,"[""S14"", ""S25""]",M13,"Premises: F32,F36. Measured barriers are needed to connect clusters with residents’ opportunities. No labour-market deficit is assumed simply from cluster presence.",Employment research agenda,Hypothesis: access barriers may vary by location and occupation. Requires local evidence; no demographic or religious political profiling.,PASS:premises or labelled proposal,PASS:lineage and alternatives in notes,PASS:scope and future tense explicit,PASS:bounded inference,PASS:traceability,Bounded analysis
R13,Proposed work product,Research action implied by contribution; no guaranteed public/political impact.,"[""S14"", ""S25""]",M13,"Premises: F32,F36. Measured barriers are needed to connect clusters with residents’ opportunities. No labour-market deficit is assumed simply from cluster presence.",Employment research agenda,Hypothesis: access barriers may vary by location and occupation. Requires local evidence; no demographic or religious political profiling.,PASS:premises or labelled proposal,PASS:lineage and alternatives in notes,PASS:scope and future tense explicit,CONDITIONAL:untested implementation,CONDITIONAL:manager approval/access/review,Proposal only; not verified feasibility or guaranteed impact
C13,Candidate contribution,"I would triangulate employer information, official labour statistics and consented interviews before proposing an access intervention.","[""S14"", ""S25""]",M13,"Premises: F32,F36. Measured barriers are needed to connect clusters with residents’ opportunities. No labour-market deficit is assumed simply from cluster presence.",Employment research agenda,Hypothesis: access barriers may vary by location and occupation. Requires local evidence; no demographic or religious political profiling.,PASS:premises or labelled proposal,PASS:lineage and alternatives in notes,PASS:scope and future tense explicit,CONDITIONAL:untested implementation,CONDITIONAL:manager approval/access/review,Proposal only; not verified feasibility or guaranteed impact
I14,Bounded inference,Changes in administrative and planning units can break time-series comparisons and ownership assumptions.,"[""S03"", ""S04"", ""S15""]",M14,"Premises: F03,F33. Changes in administrative and planning units can break time-series comparisons and ownership assumptions.",Housing and land,"No current land-price trend, household displacement total or legal conclusion is asserted. GO index alone does not establish parcel-specific rights.",PASS:premises or labelled proposal,PASS:lineage and alternatives in notes,PASS:scope and future tense explicit,PASS:bounded inference,PASS:traceability,Bounded analysis
R14,Proposed work product,Research action implied by contribution; no guaranteed public/political impact.,"[""S03"", ""S04"", ""S15""]",M14,"Premises: F03,F33. Changes in administrative and planning units can break time-series comparisons and ownership assumptions.",Housing and land,"No current land-price trend, household displacement total or legal conclusion is asserted. GO index alone does not establish parcel-specific rights.",PASS:premises or labelled proposal,PASS:lineage and alternatives in notes,PASS:scope and future tense explicit,CONDITIONAL:untested implementation,CONDITIONAL:manager approval/access/review,Proposal only; not verified feasibility or guaranteed impact
C14,Candidate contribution,"I would maintain a boundary-vintage register and verify land, housing, approvals and service claims against the right jurisdiction.","[""S03"", ""S04"", ""S15""]",M14,"Premises: F03,F33. Changes in administrative and planning units can break time-series comparisons and ownership assumptions.",Housing and land,"No current land-price trend, household displacement total or legal conclusion is asserted. GO index alone does not establish parcel-specific rights.",PASS:premises or labelled proposal,PASS:lineage and alternatives in notes,PASS:scope and future tense explicit,CONDITIONAL:untested implementation,CONDITIONAL:manager approval/access/review,Proposal only; not verified feasibility or guaranteed impact
I15,Bounded inference,Distinct lines should not be merged into a claim about completed rail construction. Accessibility requires route and service evidence.,"[""S09""]",M15,"Premises: F24,F25. Distinct lines should not be merged into a claim about completed rail construction. Accessibility requires route and service evidence.",Mobility and financing,"Both are budget estimates. Current procurement, central approvals, operating extensions and completion dates are not established by the budget.",PASS:premises or labelled proposal,PASS:lineage and alternatives in notes,PASS:scope and future tense explicit,PASS:bounded inference,PASS:traceability,Bounded analysis
R15,Proposed work product,Research action implied by contribution; no guaranteed public/political impact.,"[""S09""]",M15,"Premises: F24,F25. Distinct lines should not be merged into a claim about completed rail construction. Accessibility requires route and service evidence.",Mobility and financing,"Both are budget estimates. Current procurement, central approvals, operating extensions and completion dates are not established by the budget.",PASS:premises or labelled proposal,PASS:lineage and alternatives in notes,PASS:scope and future tense explicit,CONDITIONAL:untested implementation,CONDITIONAL:manager approval/access/review,Proposal only; not verified feasibility or guaranteed impact
C15,Candidate contribution,"I would track each financing line separately and evaluate access through verified project status, journeys and interchange evidence.","[""S09""]",M15,"Premises: F24,F25. Distinct lines should not be merged into a claim about completed rail construction. Accessibility requires route and service evidence.",Mobility and financing,"Both are budget estimates. Current procurement, central approvals, operating extensions and completion dates are not established by the budget.",PASS:premises or labelled proposal,PASS:lineage and alternatives in notes,PASS:scope and future tense explicit,CONDITIONAL:untested implementation,CONDITIONAL:manager approval/access/review,Proposal only; not verified feasibility or guaranteed impact
I16,Bounded inference,"The documented remit and project scope suggest linked research tasks, not measured performance or a causal reduction in flood risk.","[""S05"", ""S09"", ""S11""]",M16,"Premises: F06,F23,F30. The documented remit and project scope suggest linked research tasks, not measured performance or a causal reduction in flood risk.",Water and environmental services,"No flood-frequency, water-quality, sewage-treatment or lake-restoration success rate has been verified in this deck.",PASS:premises or labelled proposal,PASS:lineage and alternatives in notes,PASS:scope and future tense explicit,PASS:bounded inference,PASS:traceability,Bounded analysis
R16,Proposed work product,Research action implied by contribution; no guaranteed public/political impact.,"[""S05"", ""S09"", ""S11""]",M16,"Premises: F06,F23,F30. The documented remit and project scope suggest linked research tasks, not measured performance or a causal reduction in flood risk.",Water and environmental services,"No flood-frequency, water-quality, sewage-treatment or lake-restoration success rate has been verified in this deck.",PASS:premises or labelled proposal,PASS:lineage and alternatives in notes,PASS:scope and future tense explicit,CONDITIONAL:untested implementation,CONDITIONAL:manager approval/access/review,Proposal only; not verified feasibility or guaranteed impact
C16,Candidate contribution,"I would connect rainfall events, drainage records, water-quality evidence and agency responsibilities in one issue brief.","[""S05"", ""S09"", ""S11""]",M16,"Premises: F06,F23,F30. The documented remit and project scope suggest linked research tasks, not measured performance or a causal reduction in flood risk.",Water and environmental services,"No flood-frequency, water-quality, sewage-treatment or lake-restoration success rate has been verified in this deck.",PASS:premises or labelled proposal,PASS:lineage and alternatives in notes,PASS:scope and future tense explicit,CONDITIONAL:untested implementation,CONDITIONAL:manager approval/access/review,Proposal only; not verified feasibility or guaranteed impact
I17,Bounded inference,Statewide programme provision identifies questions for access research; it does not establish Hyderabad coverage or service quality.,"[""S09"", ""S25""]",M17,"Premises: F29,F36. Statewide programme provision identifies questions for access research; it does not establish Hyderabad coverage or service quality.","Health, education and welfare","StatewideBE, not city spending or beneficiaries. Education outcomes and current scheme eligibility require additional authoritative evidence.",PASS:premises or labelled proposal,PASS:lineage and alternatives in notes,PASS:scope and future tense explicit,PASS:bounded inference,PASS:traceability,Bounded analysis
R17,Proposed work product,Research action implied by contribution; no guaranteed public/political impact.,"[""S09"", ""S25""]",M17,"Premises: F29,F36. Statewide programme provision identifies questions for access research; it does not establish Hyderabad coverage or service quality.","Health, education and welfare","StatewideBE, not city spending or beneficiaries. Education outcomes and current scheme eligibility require additional authoritative evidence.",PASS:premises or labelled proposal,PASS:lineage and alternatives in notes,PASS:scope and future tense explicit,CONDITIONAL:untested implementation,CONDITIONAL:manager approval/access/review,Proposal only; not verified feasibility or guaranteed impact
C17,Candidate contribution,"I would trace selected service journeys from eligibility to application, receipt, grievance and closure.","[""S09"", ""S25""]",M17,"Premises: F29,F36. Statewide programme provision identifies questions for access research; it does not establish Hyderabad coverage or service quality.","Health, education and welfare","StatewideBE, not city spending or beneficiaries. Education outcomes and current scheme eligibility require additional authoritative evidence.",PASS:premises or labelled proposal,PASS:lineage and alternatives in notes,PASS:scope and future tense explicit,CONDITIONAL:untested implementation,CONDITIONAL:manager approval/access/review,Proposal only; not verified feasibility or guaranteed impact
I18,Bounded inference,A larger planned envelope makes financing and implementation monitoring material. It does not establish fiscal capacity or future completion.,"[""S09"", ""S10""]",M18,"Premises: F27,F28,F21,F22,F23. A larger planned envelope makes financing and implementation monitoring material. It does not establish fiscal capacity or future completion.",Public finance,Statewide; plan-to-revised-plan comparison; not real growth. No budget-line summation into a Hyderabad total.,PASS:premises or labelled proposal,PASS:lineage and alternatives in notes,PASS:scope and future tense explicit,PASS:bounded inference,PASS:traceability,Bounded analysis
R18,Proposed work product,Research action implied by contribution; no guaranteed public/political impact.,"[""S09"", ""S10""]",M18,"Premises: F27,F28,F21,F22,F23. A larger planned envelope makes financing and implementation monitoring material. It does not establish fiscal capacity or future completion.",Public finance,Statewide; plan-to-revised-plan comparison; not real growth. No budget-line summation into a Hyderabad total.,PASS:premises or labelled proposal,PASS:lineage and alternatives in notes,PASS:scope and future tense explicit,CONDITIONAL:untested implementation,CONDITIONAL:manager approval/access/review,Proposal only; not verified feasibility or guaranteed impact
C18,Candidate contribution,"I would build a commitments-to-delivery tracker with separate estimate, sanction, release, spend and outcome fields.","[""S09"", ""S10""]",M18,"Premises: F27,F28,F21,F22,F23. A larger planned envelope makes financing and implementation monitoring material. It does not establish fiscal capacity or future completion.",Public finance,Statewide; plan-to-revised-plan comparison; not real growth. No budget-line summation into a Hyderabad total.,PASS:premises or labelled proposal,PASS:lineage and alternatives in notes,PASS:scope and future tense explicit,CONDITIONAL:untested implementation,CONDITIONAL:manager approval/access/review,Proposal only; not verified feasibility or guaranteed impact
I19,Bounded inference,Environmental objectives and acknowledged relocation concerns justify testing multiple dimensions of implementation together.,"[""S09"", ""S11"", ""S12""]",M19,"Premises: F22,F30,F31. Environmental objectives and acknowledged relocation concerns justify testing multiple dimensions of implementation together.",Policy case study01,"Government objectives/commitments are not proof of outcomes. Current award, construction, compensation and water-quality results remain unverified.",PASS:premises or labelled proposal,PASS:lineage and alternatives in notes,PASS:scope and future tense explicit,PASS:bounded inference,PASS:traceability,Bounded analysis
R19,Proposed work product,Research action implied by contribution; no guaranteed public/political impact.,"[""S09"", ""S11"", ""S12""]",M19,"Premises: F22,F30,F31. Environmental objectives and acknowledged relocation concerns justify testing multiple dimensions of implementation together.",Policy case study01,"Government objectives/commitments are not proof of outcomes. Current award, construction, compensation and water-quality results remain unverified.",PASS:premises or labelled proposal,PASS:lineage and alternatives in notes,PASS:scope and future tense explicit,CONDITIONAL:untested implementation,CONDITIONAL:manager approval/access/review,Proposal only; not verified feasibility or guaranteed impact
C19,Candidate contribution,"I would produce a balanced Musi brief: documentary milestone, environmental evidence, household safeguards and unresolved questions.","[""S09"", ""S11"", ""S12""]",M19,"Premises: F22,F30,F31. Environmental objectives and acknowledged relocation concerns justify testing multiple dimensions of implementation together.",Policy case study01,"Government objectives/commitments are not proof of outcomes. Current award, construction, compensation and water-quality results remain unverified.",PASS:premises or labelled proposal,PASS:lineage and alternatives in notes,PASS:scope and future tense explicit,CONDITIONAL:untested implementation,CONDITIONAL:manager approval/access/review,Proposal only; not verified feasibility or guaranteed impact
I20,Bounded inference,Mandate-level evidence and case-level evidence answer different questions; public trust needs both.,"[""S03"", ""S04"", ""S05"", ""S15""]",M20,"Premises: F06,F03. Mandate-level evidence and case-level evidence answer different questions; public trust needs both.",Policy case study02,No parcel is labelled an encroachment here. Current legal requirements and court orders need counsel/official record review.,PASS:premises or labelled proposal,PASS:lineage and alternatives in notes,PASS:scope and future tense explicit,PASS:bounded inference,PASS:traceability,Bounded analysis
R20,Proposed work product,Research action implied by contribution; no guaranteed public/political impact.,"[""S03"", ""S04"", ""S05"", ""S15""]",M20,"Premises: F06,F03. Mandate-level evidence and case-level evidence answer different questions; public trust needs both.",Policy case study02,No parcel is labelled an encroachment here. Current legal requirements and court orders need counsel/official record review.,PASS:premises or labelled proposal,PASS:lineage and alternatives in notes,PASS:scope and future tense explicit,CONDITIONAL:untested implementation,CONDITIONAL:manager approval/access/review,Proposal only; not verified feasibility or guaranteed impact
C20,Candidate contribution,"I would keep a case tracker for the order, boundary record, notice, review route, implementation and independently checked outcome.","[""S03"", ""S04"", ""S05"", ""S15""]",M20,"Premises: F06,F03. Mandate-level evidence and case-level evidence answer different questions; public trust needs both.",Policy case study02,No parcel is labelled an encroachment here. Current legal requirements and court orders need counsel/official record review.,PASS:premises or labelled proposal,PASS:lineage and alternatives in notes,PASS:scope and future tense explicit,CONDITIONAL:untested implementation,CONDITIONAL:manager approval/access/review,Proposal only; not verified feasibility or guaranteed impact
I21,Bounded inference,Multiple documented bodies create a coordination research requirement; this deck does not claim demonstrated coordination failure.,"[""S03"", ""S04"", ""S05"", ""S11"", ""S15""]",M21,"Premises: F03,F06,F30. Multiple documented bodies create a coordination research requirement; this deck does not claim demonstrated coordination failure.",Coordination and power,"Proposed operating design. Access to officials, internal records and escalation routes depends on employer approval.",PASS:premises or labelled proposal,PASS:lineage and alternatives in notes,PASS:scope and future tense explicit,PASS:bounded inference,PASS:traceability,Bounded analysis
R21,Proposed work product,Research action implied by contribution; no guaranteed public/political impact.,"[""S03"", ""S04"", ""S05"", ""S11"", ""S15""]",M21,"Premises: F03,F06,F30. Multiple documented bodies create a coordination research requirement; this deck does not claim demonstrated coordination failure.",Coordination and power,"Proposed operating design. Access to officials, internal records and escalation routes depends on employer approval.",PASS:premises or labelled proposal,PASS:lineage and alternatives in notes,PASS:scope and future tense explicit,CONDITIONAL:untested implementation,CONDITIONAL:manager approval/access/review,Proposal only; not verified feasibility or guaranteed impact
C21,Candidate contribution,"I would assign one issue owner and keep decision, funding, implementation and grievance handoffs visible.","[""S03"", ""S04"", ""S05"", ""S11"", ""S15""]",M21,"Premises: F03,F06,F30. Multiple documented bodies create a coordination research requirement; this deck does not claim demonstrated coordination failure.",Coordination and power,"Proposed operating design. Access to officials, internal records and escalation routes depends on employer approval.",PASS:premises or labelled proposal,PASS:lineage and alternatives in notes,PASS:scope and future tense explicit,CONDITIONAL:untested implementation,CONDITIONAL:manager approval/access/review,Proposal only; not verified feasibility or guaranteed impact
I22,Bounded inference,The sources have different incentives and upstream dependencies. Reported narratives cannot identify their prevalence or their causal electoral effect.,"[""S01"", ""S12"", ""S23"", ""S24""]",M22,"Premises: F01,F31,F20. The sources have different incentives and upstream dependencies. Reported narratives cannot identify their prevalence or their causal electoral effect.",Information quality,"Proposed Telugu, Urdu and English review with qualified language support. No claim to my fluency, representative survey, private messages or sentiment baseline.",PASS:premises or labelled proposal,PASS:lineage and alternatives in notes,PASS:scope and future tense explicit,PASS:bounded inference,PASS:traceability,Bounded analysis
R22,Proposed work product,Research action implied by contribution; no guaranteed public/political impact.,"[""S01"", ""S12"", ""S23"", ""S24""]",M22,"Premises: F01,F31,F20. The sources have different incentives and upstream dependencies. Reported narratives cannot identify their prevalence or their causal electoral effect.",Information quality,"Proposed Telugu, Urdu and English review with qualified language support. No claim to my fluency, representative survey, private messages or sentiment baseline.",PASS:premises or labelled proposal,PASS:lineage and alternatives in notes,PASS:scope and future tense explicit,CONDITIONAL:untested implementation,CONDITIONAL:manager approval/access/review,Proposal only; not verified feasibility or guaranteed impact
C22,Candidate contribution,"I would run a multilingual issue log with source lineage, verified translations, correction status and a representativeness note.","[""S01"", ""S12"", ""S23"", ""S24""]",M22,"Premises: F01,F31,F20. The sources have different incentives and upstream dependencies. Reported narratives cannot identify their prevalence or their causal electoral effect.",Information quality,"Proposed Telugu, Urdu and English review with qualified language support. No claim to my fluency, representative survey, private messages or sentiment baseline.",PASS:premises or labelled proposal,PASS:lineage and alternatives in notes,PASS:scope and future tense explicit,CONDITIONAL:untested implementation,CONDITIONAL:manager approval/access/review,Proposal only; not verified feasibility or guaranteed impact
I23,Bounded inference,Separating known records from unresolved status prevents confidence in one source class from spilling into another.,"[""S03"", ""S04"", ""S06"", ""S09"", ""S10"", ""S15"", ""S23"", ""S24""]",M23,"Premises: F03,F07,F20,F27. Separating known records from unresolved status prevents confidence in one source class from spilling into another.","Known, disputed and unknown",No exhaustive claim about all developments up to cut-off. Source accessibility and absence of fieldwork constrain this work sample.,PASS:premises or labelled proposal,PASS:lineage and alternatives in notes,PASS:scope and future tense explicit,PASS:bounded inference,PASS:traceability,Bounded analysis
R23,Proposed work product,Research action implied by contribution; no guaranteed public/political impact.,"[""S03"", ""S04"", ""S06"", ""S09"", ""S10"", ""S15"", ""S23"", ""S24""]",M23,"Premises: F03,F07,F20,F27. Separating known records from unresolved status prevents confidence in one source class from spilling into another.","Known, disputed and unknown",No exhaustive claim about all developments up to cut-off. Source accessibility and absence of fieldwork constrain this work sample.,PASS:premises or labelled proposal,PASS:lineage and alternatives in notes,PASS:scope and future tense explicit,CONDITIONAL:untested implementation,CONDITIONAL:manager approval/access/review,Proposal only; not verified feasibility or guaranteed impact
C23,Candidate contribution,I would maintain explicit expiry rules and assign a validation task to each consequential unknown.,"[""S03"", ""S04"", ""S06"", ""S09"", ""S10"", ""S15"", ""S23"", ""S24""]",M23,"Premises: F03,F07,F20,F27. Separating known records from unresolved status prevents confidence in one source class from spilling into another.","Known, disputed and unknown",No exhaustive claim about all developments up to cut-off. Source accessibility and absence of fieldwork constrain this work sample.,PASS:premises or labelled proposal,PASS:lineage and alternatives in notes,PASS:scope and future tense explicit,CONDITIONAL:untested implementation,CONDITIONAL:manager approval/access/review,Proposal only; not verified feasibility or guaranteed impact
I24,Bounded inference,Boundary and status errors invalidate downstream analysis; implementation records then support usable issue briefs. Ranking is my professional judgment.,"[""S03"", ""S04"", ""S09"", ""S10"", ""S11"", ""S15"", ""S23"", ""S24""]",M24,"Premises: F03,F20,F21,F30. Boundary and status errors invalidate downstream analysis; implementation records then support usable issue briefs. Ranking is my professional judgment.",Prioritised research agenda,Proposed priority order; not measured demand or a promise of access.,PASS:premises or labelled proposal,PASS:lineage and alternatives in notes,PASS:scope and future tense explicit,PASS:bounded inference,PASS:traceability,Bounded analysis
R24,Proposed work product,"I would sequence work by the risk of misclassification, decision relevance and dependency—not a fabricated electoral opportunity score.","[""S03"", ""S04"", ""S09"", ""S10"", ""S11"", ""S15"", ""S23"", ""S24""]",M24,"Premises: F03,F20,F21,F30. Boundary and status errors invalidate downstream analysis; implementation records then support usable issue briefs. Ranking is my professional judgment.",Prioritised research agenda,Proposed priority order; not measured demand or a promise of access.,PASS:premises or labelled proposal,PASS:lineage and alternatives in notes,PASS:scope and future tense explicit,CONDITIONAL:untested implementation,CONDITIONAL:manager approval/access/review,Proposal only; not verified feasibility or guaranteed impact
C24,Candidate contribution,"I would agree the first research backlog with my manager and publish owners, dependencies and stop conditions.","[""S03"", ""S04"", ""S09"", ""S10"", ""S11"", ""S15"", ""S23"", ""S24""]",M24,"Premises: F03,F20,F21,F30. Boundary and status errors invalidate downstream analysis; implementation records then support usable issue briefs. Ranking is my professional judgment.",Prioritised research agenda,Proposed priority order; not measured demand or a promise of access.,PASS:premises or labelled proposal,PASS:lineage and alternatives in notes,PASS:scope and future tense explicit,CONDITIONAL:untested implementation,CONDITIONAL:manager approval/access/review,Proposal only; not verified feasibility or guaranteed impact
I25,Bounded inference,"The produced tracker demonstrates source and status discipline. It is a baseline prototype, not a live government dashboard.","[""S09"", ""S10""]",M25,"Premises: F21,F22,F23,F24,F25,F26. The produced tracker demonstrates source and status discipline. It is a baseline prototype, not a live government dashboard.",Produced evidence brief,No internal spending feed or field validation. Unverified stages remain explicitly Unknown.,PASS:premises or labelled proposal,PASS:lineage and alternatives in notes,PASS:scope and future tense explicit,PASS:bounded inference,PASS:traceability,Bounded analysis
R25,Proposed work product,"This deck includes a usable CURE budget baseline with exact instruments, reference years and open implementation fields.","[""S09"", ""S10""]",M25,"Premises: F21,F22,F23,F24,F25,F26. The produced tracker demonstrates source and status discipline. It is a baseline prototype, not a live government dashboard.",Produced evidence brief,No internal spending feed or field validation. Unverified stages remain explicitly Unknown.,PASS:premises or labelled proposal,PASS:lineage and alternatives in notes,PASS:scope and future tense explicit,CONDITIONAL:untested implementation,CONDITIONAL:manager approval/access/review,Proposal only; not verified feasibility or guaranteed impact
C25,Candidate contribution,"I would maintain the baseline as a reviewed weekly brief, recording each new document and change in status.","[""S09"", ""S10""]",M25,"Premises: F21,F22,F23,F24,F25,F26. The produced tracker demonstrates source and status discipline. It is a baseline prototype, not a live government dashboard.",Produced evidence brief,No internal spending feed or field validation. Unverified stages remain explicitly Unknown.,PASS:premises or labelled proposal,PASS:lineage and alternatives in notes,PASS:scope and future tense explicit,CONDITIONAL:untested implementation,CONDITIONAL:manager approval/access/review,Proposal only; not verified feasibility or guaranteed impact
I26,Bounded inference,The candidate-reported review experience supports proposing an evidence workflow; actual performance must be established through a pilot.,"[""S01"", ""S25""]",M26,"Premises: F35,F36,F01. The candidate-reported review experience supports proposing an evidence workflow; actual performance must be established through a pilot.",My proposed operating system,Owner: me under a research lead. Depends on approved repositories and reviewers. Fall back to a shared spreadsheet if tooling is limited.,PASS:premises or labelled proposal,PASS:lineage and alternatives in notes,PASS:scope and future tense explicit,PASS:bounded inference,PASS:traceability,Bounded analysis
R26,Proposed work product,"An insight should retain its evidence, uncertainty and accountable next action as it moves between research and delivery teams.","[""S01"", ""S25""]",M26,"Premises: F35,F36,F01. The candidate-reported review experience supports proposing an evidence workflow; actual performance must be established through a pilot.",My proposed operating system,Owner: me under a research lead. Depends on approved repositories and reviewers. Fall back to a shared spreadsheet if tooling is limited.,PASS:premises or labelled proposal,PASS:lineage and alternatives in notes,PASS:scope and future tense explicit,CONDITIONAL:untested implementation,CONDITIONAL:manager approval/access/review,Proposal only; not verified feasibility or guaranteed impact
C26,Candidate contribution,I would introduce a short daily triage and a manager-reviewed weekly research brief with a correction log.,"[""S01"", ""S25""]",M26,"Premises: F35,F36,F01. The candidate-reported review experience supports proposing an evidence workflow; actual performance must be established through a pilot.",My proposed operating system,Owner: me under a research lead. Depends on approved repositories and reviewers. Fall back to a shared spreadsheet if tooling is limited.,PASS:premises or labelled proposal,PASS:lineage and alternatives in notes,PASS:scope and future tense explicit,CONDITIONAL:untested implementation,CONDITIONAL:manager approval/access/review,Proposal only; not verified feasibility or guaranteed impact
I27,Bounded inference,Small reproducible work products establish a baseline and identify access constraints early.,"[""S03"", ""S04"", ""S15"", ""S25""]",M27,"Premises: F03,F35,F36. Small reproducible work products establish a baseline and identify access constraints early.",Onboarding proposal,Planning assumption: roughly 10 focused research hours/week plus review. Employer workload and priorities determine actual output.,PASS:premises or labelled proposal,PASS:lineage and alternatives in notes,PASS:scope and future tense explicit,PASS:bounded inference,PASS:traceability,Bounded analysis
R27,Proposed work product,"I would establish the geography, source inventory and reporting rhythm before committing to broad field conclusions.","[""S03"", ""S04"", ""S15"", ""S25""]",M27,"Premises: F03,F35,F36. Small reproducible work products establish a baseline and identify access constraints early.",Onboarding proposal,Planning assumption: roughly 10 focused research hours/week plus review. Employer workload and priorities determine actual output.,PASS:premises or labelled proposal,PASS:lineage and alternatives in notes,PASS:scope and future tense explicit,CONDITIONAL:untested implementation,CONDITIONAL:manager approval/access/review,Proposal only; not verified feasibility or guaranteed impact
C27,Candidate contribution,"I would deliver one boundary register, one source ledger, four short issue briefs and a manager-approved research backlog.","[""S03"", ""S04"", ""S15"", ""S25""]",M27,"Premises: F03,F35,F36. Small reproducible work products establish a baseline and identify access constraints early.",Onboarding proposal,Planning assumption: roughly 10 focused research hours/week plus review. Employer workload and priorities determine actual output.,PASS:premises or labelled proposal,PASS:lineage and alternatives in notes,PASS:scope and future tense explicit,CONDITIONAL:untested implementation,CONDITIONAL:manager approval/access/review,Proposal only; not verified feasibility or guaranteed impact
I28,Bounded inference,"The earlier evidence gaps identify where direct validation is useful; interviews add context, not automatically representative statistics.","[""S05"", ""S11"", ""S12"", ""S25""]",M28,"Premises: F30,F31,F06,F36. The earlier evidence gaps identify where direct validation is useful; interviews add context, not automatically representative statistics.",Research validation proposal,"Assumption: manager approval, permissions and language support. If access fails, publish desk-based gaps and narrow the question.",PASS:premises or labelled proposal,PASS:lineage and alternatives in notes,PASS:scope and future tense explicit,PASS:bounded inference,PASS:traceability,Bounded analysis
R28,Proposed work product,"I would test the highest-impact gaps through authorised records, agency clarifications and consented qualitative research.","[""S05"", ""S11"", ""S12"", ""S25""]",M28,"Premises: F30,F31,F06,F36. The earlier evidence gaps identify where direct validation is useful; interviews add context, not automatically representative statistics.",Research validation proposal,"Assumption: manager approval, permissions and language support. If access fails, publish desk-based gaps and narrow the question.",PASS:premises or labelled proposal,PASS:lineage and alternatives in notes,PASS:scope and future tense explicit,CONDITIONAL:untested implementation,CONDITIONAL:manager approval/access/review,Proposal only; not verified feasibility or guaranteed impact
C28,Candidate contribution,I would refine two case studies and test interview guides with qualified local-language support.,"[""S05"", ""S11"", ""S12"", ""S25""]",M28,"Premises: F30,F31,F06,F36. The earlier evidence gaps identify where direct validation is useful; interviews add context, not automatically representative statistics.",Research validation proposal,"Assumption: manager approval, permissions and language support. If access fails, publish desk-based gaps and narrow the question.",PASS:premises or labelled proposal,PASS:lineage and alternatives in notes,PASS:scope and future tense explicit,CONDITIONAL:untested implementation,CONDITIONAL:manager approval/access/review,Proposal only; not verified feasibility or guaranteed impact
I29,Bounded inference,A pilot creates observable process metrics; the direction and scale of improvement are not predetermined.,"[""S25""]",M29,"Premises: F35,F36. A pilot creates observable process metrics; the direction and scale of improvement are not predetermined.",Operational learning proposal,"Track correction count, broken citations, scope errors and review time. Avoid targets that reward hiding errors or premature publication.",PASS:premises or labelled proposal,PASS:lineage and alternatives in notes,PASS:scope and future tense explicit,PASS:bounded inference,PASS:traceability,Bounded analysis
R29,Proposed work product,"I would evaluate evidence quality and turnaround against the first-month baseline, then hand over a reusable research system.","[""S25""]",M29,"Premises: F35,F36. A pilot creates observable process metrics; the direction and scale of improvement are not predetermined.",Operational learning proposal,"Track correction count, broken citations, scope errors and review time. Avoid targets that reward hiding errors or premature publication.",PASS:premises or labelled proposal,PASS:lineage and alternatives in notes,PASS:scope and future tense explicit,CONDITIONAL:untested implementation,CONDITIONAL:manager approval/access/review,Proposal only; not verified feasibility or guaranteed impact
C29,Candidate contribution,"I would deliver a reviewed atlas scaffold, refresh calendar, two refined case briefs and an onboarding guide.","[""S25""]",M29,"Premises: F35,F36. A pilot creates observable process metrics; the direction and scale of improvement are not predetermined.",Operational learning proposal,"Track correction count, broken citations, scope errors and review time. Avoid targets that reward hiding errors or premature publication.",PASS:premises or labelled proposal,PASS:lineage and alternatives in notes,PASS:scope and future tense explicit,CONDITIONAL:untested implementation,CONDITIONAL:manager approval/access/review,Proposal only; not verified feasibility or guaranteed impact
I30,Bounded inference,These self-reported experiences support a methods-based fit; geographic expertise and employer performance remain to be demonstrated.,"[""S25""]",M30,"Premises: F34,F35,F36. These self-reported experiences support a methods-based fit; geographic expertise and employer performance remain to be demonstrated.",My contribution and learning gaps,"No independent audit of CV outcomes. No claim to local-language fluency, Hyderabad field networks or guaranteed political impact.",PASS:premises or labelled proposal,PASS:lineage and alternatives in notes,PASS:scope and future tense explicit,PASS:bounded inference,PASS:traceability,Bounded analysis
R30,Proposed work product,"My resume reports political-intelligence review work, cross-functional coordination and a Meghalaya public-distribution modelling project.","[""S25""]",M30,"Premises: F34,F35,F36. These self-reported experiences support a methods-based fit; geographic expertise and employer performance remain to be demonstrated.",My contribution and learning gaps,"No independent audit of CV outcomes. No claim to local-language fluency, Hyderabad field networks or guaranteed political impact.",PASS:premises or labelled proposal,PASS:lineage and alternatives in notes,PASS:scope and future tense explicit,CONDITIONAL:untested implementation,CONDITIONAL:manager approval/access/review,Proposal only; not verified feasibility or guaranteed impact
C30,Candidate contribution,"I would bring structured research and operational discipline, while building Hyderabad context through supervised local learning.","[""S25""]",M30,"Premises: F34,F35,F36. These self-reported experiences support a methods-based fit; geographic expertise and employer performance remain to be demonstrated.",My contribution and learning gaps,"No independent audit of CV outcomes. No claim to local-language fluency, Hyderabad field networks or guaranteed political impact.",PASS:premises or labelled proposal,PASS:lineage and alternatives in notes,PASS:scope and future tense explicit,CONDITIONAL:untested implementation,CONDITIONAL:manager approval/access/review,Proposal only; not verified feasibility or guaranteed impact
I31,Bounded inference,"The produced work sample and candidate-reported methods support an interview proposition, not a guarantee of hiring or future results.","[""S02"", ""S25""]",M31,"Premises: F35,F36,F02. The produced work sample and candidate-reported methods support an interview proposition, not a guarantee of hiring or future results.",Closing proposition,Fit and priorities must be tested with the actual hiring team.,PASS:premises or labelled proposal,PASS:lineage and alternatives in notes,PASS:scope and future tense explicit,PASS:bounded inference,PASS:traceability,Bounded analysis
R31,Proposed work product,"I can offer a careful research perspective, traceable synthesis and a practical path from analysis to a reviewed brief.","[""S02"", ""S25""]",M31,"Premises: F35,F36,F02. The produced work sample and candidate-reported methods support an interview proposition, not a guarantee of hiring or future results.",Closing proposition,Fit and priorities must be tested with the actual hiring team.,PASS:premises or labelled proposal,PASS:lineage and alternatives in notes,PASS:scope and future tense explicit,CONDITIONAL:untested implementation,CONDITIONAL:manager approval/access/review,Proposal only; not verified feasibility or guaranteed impact
C31,Candidate contribution,"I would welcome a discussion of one issue brief, its strongest counterargument and the first work product the team needs.","[""S02"", ""S25""]",M31,"Premises: F35,F36,F02. The produced work sample and candidate-reported methods support an interview proposition, not a guarantee of hiring or future results.",Closing proposition,Fit and priorities must be tested with the actual hiring team.,PASS:premises or labelled proposal,PASS:lineage and alternatives in notes,PASS:scope and future tense explicit,CONDITIONAL:untested implementation,CONDITIONAL:manager approval/access/review,Proposal only; not verified feasibility or guaranteed impact
