id,text,sources,locator,geography,reference_date,kind,corroboration,limit
F01,Inclusive Minds describes itself as INC-aligned and lists six work verticals.,"[""S01""]",About Us; Our Work,Organisation,Retrieved 2026-10-08,Verified fact,Employer is authoritative for its stated identity; effectiveness not inferred.,
F02,"Employer Generalist post identifies Hyderabad on-site and experience in research, strategy, communication or project management.","[""S02""]",Hiring post,Vacancy,Retrieved 2026-10-08,Employer statement,,Open status and exact applicant-targeted requisition unconfirmed.
F03,"GO 55 of 11 February 2026 reorganised CURE into GHMC, CMC and MMC with immediate effect.","[""S03"", ""S04"", ""S15""]",GO 55 pp 1–2,CURE,2026-02-11,Verified fact,Official listing confirms instrument; later government event confirms corporation names. Shared state lineage.,
F04,"CMC comprises Serilingampally, Kukatpally and Qutbullapur zones; MMC comprises Malkajgiri, Uppal and L.B.Nagar zones.","[""S03""]",GO 55 operative zone allocation,CURE,2026-02-11,Verified fact,,
F05,"GHMC comprises Shamshabad, Rajendernagar, Charminar, Golconda, Khairatabad and Secunderabad zones.","[""S03""]",GO 55 operative zone allocation,CURE,2026-02-11,Verified fact,,
F06,"HYDRAA describes its CURE-wide remit as disaster management and protection of government / public assets, under MAUD.","[""S05""]",Mandate; Jurisdictional Coverage,CURE,Retrieved 2026-10-08,Verified fact,,"Case-specific authority, due process and orders require case-specific legal review."
F07,2023 Telangana Assembly seats won: INC 64; BRS 39; BJP 8; AIMIM 7; CPI 1.,"[""S06""]",WON column,Telangana,2023 election,Verified fact,ECI authoritative record; total independently recomputed 119.,
F08,"In selected Assembly seats AC 57–71,2023 winners were BRS 7, AIMIM 7, BJP 1, INC 0.","[""S07""]",AC 57–71,Declared 15-seat study set,2023 election,Derived statistic,Count of 15 named winners; list in appendix; total 15.,Selected historical set; not all Greater Hyderabad or current affiliation.
F09,"Nampally, 2023: winner 62,185; runner-up 60,148; margin 2,037 votes.","[""S07""]",PDF p 3; winner/runner-up table,Nampally,2023 election,Verified fact,Recomputed 62185-60148=2037.,Different runner-up parties; margin does not measure community cohesion or future probability.
F10,"Yakutpura, 2023: winner 46,153; runner-up 45,275; margin 878 votes.","[""S07""]",PDF p 3; winner/runner-up table,Yakutpura,2023 election,Verified fact,Recomputed 46153-45275=878.,Different runner-up parties; margin does not measure community cohesion or future probability.
F11,"Chandrayangutta, 2023: winner 99,776; runner-up 18,116; margin 81,660 votes.","[""S07""]",PDF p 3; winner/runner-up table,Chandrayangutta,2023 election,Verified fact,Recomputed 99776-18116=81660.,Different runner-up parties; margin does not measure community cohesion or future probability.
F12,"Malkajgiri, 2024 Lok Sabha: Eatala Rajender (BJP) led with 991,042 votes; runner-up 599,567.","[""S08""]",p 580,Malkajgiri,2024 election,Verified fact,Highest candidate vote total in final ECI constituency table.,Election-time results; four PCs have boundaries different from the 15-seat Assembly set.
F13,"Secunderabad, 2024 Lok Sabha: G.Kishan Reddy (BJP) led with 473,012 votes; runner-up 423,068.","[""S08""]",p 581,Secunderabad,2024 election,Verified fact,Highest candidate vote total in final ECI constituency table.,Election-time results; four PCs have boundaries different from the 15-seat Assembly set.
F14,"Hyderabad, 2024 Lok Sabha: Asaduddin Owaisi (AIMIM) led with 661,981 votes; runner-up 323,894.","[""S08""]",p 583,Hyderabad,2024 election,Verified fact,Highest candidate vote total in final ECI constituency table.,Election-time results; four PCs have boundaries different from the 15-seat Assembly set.
F15,"Chevella, 2024 Lok Sabha: Konda Vishweshwar Reddy (BJP) led with 809,882 votes; runner-up 636,985.","[""S08""]",p 585,Chevella,2024 election,Verified fact,Highest candidate vote total in final ECI constituency table.,Election-time results; four PCs have boundaries different from the 15-seat Assembly set.
F16,"First Telangana Assembly as of 2 June 2014: TRS 63, INC 21, out of 119.","[""S16""]",Printed 410/PDF 63,Telangana,2014-06-02,Verified fact,,
F17,Contemporaneous 2018 reporting recorded TRS 88 and INC 19 Assembly seats.,"[""S17"", ""S18""]",Updated results paragraphs,Telangana,2018-12-12,Reported historical fact,Two publications agree; shared ECI upstream. Full party aggregation not ingested.,
F18,"Published 2016 GHMC recap: TRS 99, AIMIM 44, BJP 4, INC 2, TDP 1.","[""S19"", ""S20""]",Numerical result paragraphs,GHMC 2016 footprint,2016 election,Reported historical fact,NDTV recap agrees with contemporaneous PTI results; sums 150.,Direct TSEC dataset not accessed; descriptive context only.
F19,"Post-Neredmet 2020 reporting: TRS 56, BJP 48, AIMIM 44, INC 2.","[""S21"", ""S22""]",Results paragraphs; final Neredmet result,GHMC 2020 footprint,2020-12-10,Reported historical fact,Independent named reporting agrees; sums 150. Earlier 55 tally incomplete.,Not current corporation composition or a projection of 2026.
F20,"Congress candidate V.Naveen Yadav won the November 2025 Jubilee Hills by-election, according to corroborated reporting.","[""S23"", ""S24""]",Winner reports,Jubilee Hills,2025-11-14,Reported event,"Reports agree on winner, disagree on totals. Totals removed.",Authoritative final Form 20 requested; no present membership/legal-status assertion.
F21,"2026–27 BE: H-CITY assistance to CURE ₹2,654 crore.","[""S09"", ""S10""]",Table 10 PDF 16,CURE allocation,FY 2026–27,Verified fact,PRS supplies fiscal scrutiny; primary line used for exact label.,Budget instrument spelling H-CITY preserved. Not actual expenditure.
F22,"2026–27 BE: Musi Riverfront development ₹1,500 crore.","[""S09""]",Table 10 PDF 16,Scheme allocation,FY 2026–27,Verified fact,,
F23,"2026–27 BE: loans to HMWSSB for development ₹1,450 crore.","[""S09""]",Table 10 PDF 16,Scheme allocation,FY 2026–27,Verified fact,,
F24,2026–27 BE: Metro Rail Phase II ₹600 crore.,"[""S09""]",Table 10 PDF 17,Scheme allocation,FY 2026–27,Verified fact,,
F25,2026–27 BE: loans to HMRL ₹500 crore.,"[""S09""]",Table 10 PDF 17,Scheme allocation,FY 2026–27,Verified fact,,Separate financing line; not described as another ₹500 crore of Phase II construction.
F26,2026–27 BE: 20 KL free-water reimbursement to HMWSSB ₹300 crore.,"[""S09""]",Table 10 PDF 17,Scheme allocation,FY 2026–27,Verified fact,,
F27,"State capital expenditure: 2025–26 RE ₹36,480.87 crore; 2026–27 BE ₹47,267.28 crore.","[""S09"", ""S10""]",Table 4 PDF 4,Telangana,FY 2025–26 RE and 2026–27 BE,Verified fact,PRS rounds capital outlay and describes rise of 30%; raw budget numbers used.,
F28,"Nominal state capex BE/RE increase is 29.57%, rounded 29.6%.","[""S09""]",Derived from F27,Telangana,FY 2026–27,Derived statistic,(47267.28/36480.87-1)*100=29.5673%; recomputed.,"Plan-to-revised-plan comparison, not realised growth or inflation-adjusted change."
F29,"State 2026–27 BE: Indiramma Houses ₹5,500 crore; Mahalaxmi RTC ₹4,305 crore; Rajiv Aarogya Sri ₹1,143 crore.","[""S09""]",Table 10 PDF 15,Telangana,FY 2026–27,Verified fact,,Statewide allocations; no Hyderabad beneficiary count or effect derived.
F30,"MRDCL describes Musi vision in terms of ecological restoration, sewage interception/treatment, floodplain zones and mobility/livelihoods.","[""S11""]",Vision,Musi project,Retrieved 2026-10-08,Agency objectives,,"Intended scope, not achieved outcomes."
F31,"At the 13 March 2026 Musi conference, the CM addressed compensation and livelihood concerns associated with relocation.","[""S12""]",English compensation/livelihood paragraphs,Musi PhaseI,2026-03-13,Official statement,,No claim that commitments were fulfilled; household/cost totals excluded.
F32,State investment portal identifies Genome Valley at Shamirpet and electronics manufacturing clusters.,"[""S14""]",Industrial-parks section,Named locations / Telangana,Retrieved 2026-10-08,Official sector description,,"Not current jobs, output, access or geographic concentration measurements."
F33,BuildNow lists GO 68 dated 12 March 2025 for expansion of HMR and GO 69 for FCDA.,"[""S04""]",GO 68/69 entries,Planning instruments,2025-03-12,Verified fact,,Full boundary polygons and area totals not ingested; no numerical metropolitan area claim.
F34,"Candidate resume lists MBA, IIM Shillong, 2023–25; Consultant Marketing and Strategy at Nation With Namo, May 2025–Apr 2026.","[""S25""]",Education/workExperience,Candidate,CV periods,Candidate self-report,,Not independently audited.
F35,Candidate resume reports introducing an evidence-based review system for a seven-person political-intelligence team.,"[""S25""]",workExperience bullet 3,Candidate work,2025–26,Candidate self-report,,"Capability evidence, not independently proven team outcome."
F36,"Candidate resume reports modelling Meghalaya PDS and analysing 4,500+government records.","[""S25""]","Projects, Jul–Sep 2024",Meghalaya project,2024,Candidate self-report,,No claim that the model itself caused public-service improvements.
F37,"Candidate resume lists manashdeori 09@gmail.com, LinkedIn/manash-protim-deori and openness to relocation.","[""S25""]",Header,Candidate,Retrieved 2026-10-08,Candidate self-report,,
