iteration,focus,timestamp,input_version,output_version,input_sha256,output_sha256,reviewer_method,change,affected_slides,sources_consulted,gates_rerun,preserved,regression_result,outstanding,next_focus
1,"Scope, vacancy and candidate inputs",2026-10-08T13:09:24.941467+00:00,research outline,v01,fe7d1823d2507521352c5f4faf4f2c895a6c0f124bb337e33b428267e21bed5d,1d47596d41c01e67a9c01e753d1d0291dd0582a67455054dfc872e6a13c9699d,Single-system focused editorial review plus whole-deck structural regression audit; not independent human review.,"Created 32-slide full draft, candidate inputs, research cut-off and unresolved vacancy register.","[1, 2, 3, 4, 5, 6, 7, 8, 9, 10, 11, 12, 13, 14, 15, 16, 17, 18, 19, 20, 21, 22, 23, 24, 25, 26, 27, 28, 29, 30, 31, 32]","[""S25""]","[1, 2, 3, 4, 5]","All previously supported numerical inputs, source IDs and correctly bounded wording unless a recorded correction was necessary.","32-slide sequence, source IDs, reasoning and limitations checked; no structural defects.","[""Exact requisition/open status"", ""Current official civic poll notification and member/legal roster"", ""Official2025 Jubilee finalForm20"", ""Current service outcomes and authorised field validation""]",Geography and institutional definitions
2,Geography and institutional definitions,2026-10-08T13:09:24.943233+00:00,v01,v02,1d47596d41c01e67a9c01e753d1d0291dd0582a67455054dfc872e6a13c9699d,4f660e44a852933add12340b3712e631176ccc81e969641d88eb5cbba40b093d,Single-system focused editorial review plus whole-deck structural regression audit; not independent human review.,"Installed GO 55 zone allocations and separated electoral, municipal and planning units; removed fictitious map.",[4],"[""S03"", ""S04"", ""S15"", ""S25""]","[1, 2, 3, 4, 5]","All previously supported numerical inputs, source IDs and correctly bounded wording unless a recorded correction was necessary.","32-slide sequence, source IDs, reasoning and limitations checked; no structural defects.","[""Exact requisition/open status"", ""Current official civic poll notification and member/legal roster"", ""Official2025 Jubilee finalForm20"", ""Current service outcomes and authorised field validation""]",Source collection and provenance
3,Source collection and provenance,2026-10-08T13:09:24.944724+00:00,v02,v03,4f660e44a852933add12340b3712e631176ccc81e969641d88eb5cbba40b093d,f07ff12001f5cc04218037fadd02f19fd88ad16d56d1668fd5f4d8eb74968f24,Single-system focused editorial review plus whole-deck structural regression audit; not independent human review.,"Added five-gate method, source hierarchy, source-lineage disclosure and source accessibility limitations.",[5],"[""S02"", ""S03"", ""S04"", ""S15"", ""S23"", ""S24"", ""S25""]","[1, 2, 3, 4, 5]","All previously supported numerical inputs, source IDs and correctly bounded wording unless a recorded correction was necessary.","32-slide sequence, source IDs, reasoning and limitations checked; no structural defects.","[""Exact requisition/open status"", ""Current official civic poll notification and member/legal roster"", ""Official2025 Jubilee finalForm20"", ""Current service outcomes and authorised field validation""]",Election data integrity
4,Election data integrity,2026-10-08T13:09:24.946605+00:00,v03,v04,f07ff12001f5cc04218037fadd02f19fd88ad16d56d1668fd5f4d8eb74968f24,e41a52cf48d4ee69002f56758a51ef9a54388783de4a0ae4c92bb5e4d21a43bb,Single-system focused editorial review plus whole-deck structural regression audit; not independent human review.,"Inserted historical civic table, primary Assembly study-set count and four separate parliamentary records; recalculated totals/margins.","[8, 9, 10, 11]","[""S02"", ""S03"", ""S04"", ""S06"", ""S07"", ""S08"", ""S15"", ""S19"", ""S20"", ""S21"", ""S22"", ""S23"", ""S24"", ""S25""]","[1, 2, 3, 4, 5]","All previously supported numerical inputs, source IDs and correctly bounded wording unless a recorded correction was necessary.","32-slide sequence, source IDs, reasoning and limitations checked; no structural defects.","[""Exact requisition/open status"", ""Current official civic poll notification and member/legal roster"", ""Official2025 Jubilee finalForm20"", ""Current service outcomes and authorised field validation""]",Historical context
5,Historical context,2026-10-08T13:09:24.948614+00:00,v04,v05,e41a52cf48d4ee69002f56758a51ef9a54388783de4a0ae4c92bb5e4d21a43bb,da6e23479cceadd02d6286813c4c54b0f4168208f8ee1d4ec9eef049a5b526e3,Single-system focused editorial review plus whole-deck structural regression audit; not independent human review.,"Added selective 2014/2018/2020/2023/2026 timeline, labelled reported legacy context and avoided voter-transfer claims.",[6],"[""S02"", ""S03"", ""S04"", ""S06"", ""S07"", ""S08"", ""S15"", ""S16"", ""S17"", ""S18"", ""S19"", ""S20"", ""S21"", ""S22"", ""S23"", ""S24"", ""S25""]","[1, 2, 3, 4, 5]","All previously supported numerical inputs, source IDs and correctly bounded wording unless a recorded correction was necessary.","32-slide sequence, source IDs, reasoning and limitations checked; no structural defects.","[""Exact requisition/open status"", ""Current official civic poll notification and member/legal roster"", ""Official2025 Jubilee finalForm20"", ""Current service outcomes and authorised field validation""]",Current actors and legal status
6,Current actors and legal status,2026-10-08T13:09:24.951097+00:00,v05,v06,da6e23479cceadd02d6286813c4c54b0f4168208f8ee1d4ec9eef049a5b526e3,da6e23479cceadd02d6286813c4c54b0f4168208f8ee1d4ec9eef049a5b526e3,Single-system focused editorial review plus whole-deck structural regression audit; not independent human review.,Replaced current-strength implications with election-time affiliation and reported 2025 winner; current legal roster remains a named gap.,[11],"[""S02"", ""S03"", ""S04"", ""S06"", ""S07"", ""S08"", ""S15"", ""S16"", ""S17"", ""S18"", ""S19"", ""S20"", ""S21"", ""S22"", ""S23"", ""S24"", ""S25""]","[1, 2, 3, 4, 5]","All previously supported numerical inputs, source IDs and correctly bounded wording unless a recorded correction was necessary.","32-slide sequence, source IDs, reasoning and limitations checked; no structural defects.","[""Exact requisition/open status"", ""Current official civic poll notification and member/legal roster"", ""Official2025 Jubilee finalForm20"", ""Current service outcomes and authorised field validation""]",Governance and responsibility
7,Governance and responsibility,2026-10-08T13:09:24.953572+00:00,v06,v07,da6e23479cceadd02d6286813c4c54b0f4168208f8ee1d4ec9eef049a5b526e3,35bcd80f1d8e8a72d374723b19216109107ded45c545f0ffda7a79a2c7a7ee88,Single-system focused editorial review plus whole-deck structural regression audit; not independent human review.,Mapped documented agency roles and inserted coordination scaffold without asserting proven institutional failure.,"[7, 21]","[""S02"", ""S03"", ""S04"", ""S05"", ""S06"", ""S07"", ""S08"", ""S09"", ""S10"", ""S11"", ""S15"", ""S16"", ""S17"", ""S18"", ""S19"", ""S20"", ""S21"", ""S22"", ""S23"", ""S24"", ""S25""]","[1, 2, 3, 4, 5]","All previously supported numerical inputs, source IDs and correctly bounded wording unless a recorded correction was necessary.","32-slide sequence, source IDs, reasoning and limitations checked; no structural defects.","[""Exact requisition/open status"", ""Current official civic poll notification and member/legal roster"", ""Official2025 Jubilee finalForm20"", ""Current service outcomes and authorised field validation""]",Political economy
8,Political economy,2026-10-08T13:09:24.955827+00:00,v07,v08,35bcd80f1d8e8a72d374723b19216109107ded45c545f0ffda7a79a2c7a7ee88,ac4a5b743ec6490b7dbbb64b16daea09fd7979bb27a13a6d94d37081363700f2,Single-system focused editorial review plus whole-deck structural regression audit; not independent human review.,"Added cluster/access distinction; excluded city GDP, unemployment, housing-price and demographic estimates without correct-scope data.","[12, 13, 14]","[""S02"", ""S03"", ""S04"", ""S05"", ""S06"", ""S07"", ""S08"", ""S09"", ""S10"", ""S11"", ""S14"", ""S15"", ""S16"", ""S17"", ""S18"", ""S19"", ""S20"", ""S21"", ""S22"", ""S23"", ""S24"", ""S25""]","[1, 2, 3, 4, 5]","All previously supported numerical inputs, source IDs and correctly bounded wording unless a recorded correction was necessary.","32-slide sequence, source IDs, reasoning and limitations checked; no structural defects.","[""Exact requisition/open status"", ""Current official civic poll notification and member/legal roster"", ""Official2025 Jubilee finalForm20"", ""Current service outcomes and authorised field validation""]",Public services and fiscal evidence
9,Public services and fiscal evidence,2026-10-08T13:09:24.958100+00:00,v08,v09,ac4a5b743ec6490b7dbbb64b16daea09fd7979bb27a13a6d94d37081363700f2,70b373eb4e75aeaee2f54076897cc6e0f2e82c9642df944d5d2a247ca91c94ce,Single-system focused editorial review plus whole-deck structural regression audit; not independent human review.,"Inserted actual BE/RE amounts, separate transport instruments, statewide welfare scope and plan-to-revised-plan capex arithmetic.","[15, 16, 17, 18]","[""S02"", ""S03"", ""S04"", ""S05"", ""S06"", ""S07"", ""S08"", ""S09"", ""S10"", ""S11"", ""S14"", ""S15"", ""S16"", ""S17"", ""S18"", ""S19"", ""S20"", ""S21"", ""S22"", ""S23"", ""S24"", ""S25""]","[1, 2, 3, 4, 5]","All previously supported numerical inputs, source IDs and correctly bounded wording unless a recorded correction was necessary.","32-slide sequence, source IDs, reasoning and limitations checked; no structural defects.","[""Exact requisition/open status"", ""Current official civic poll notification and member/legal roster"", ""Official2025 Jubilee finalForm20"", ""Current service outcomes and authorised field validation""]",Live policy case studies
10,Live policy case studies,2026-10-08T13:09:24.960622+00:00,v09,v10,70b373eb4e75aeaee2f54076897cc6e0f2e82c9642df944d5d2a247ca91c94ce,aea74c4245b7ca5babbef8df7732d5079c35f8c448b154794241d4358550c9d1,Single-system focused editorial review plus whole-deck structural regression audit; not independent human review.,Added Musi and HYDRAA briefs with objective/commitment/mandate distinctions; kept implementation and legal outcomes unknown.,"[19, 20]","[""S02"", ""S03"", ""S04"", ""S05"", ""S06"", ""S07"", ""S08"", ""S09"", ""S10"", ""S11"", ""S12"", ""S14"", ""S15"", ""S16"", ""S17"", ""S18"", ""S19"", ""S20"", ""S21"", ""S22"", ""S23"", ""S24"", ""S25""]","[1, 2, 3, 4, 5]","All previously supported numerical inputs, source IDs and correctly bounded wording unless a recorded correction was necessary.","32-slide sequence, source IDs, reasoning and limitations checked; no structural defects.","[""Exact requisition/open status"", ""Current official civic poll notification and member/legal roster"", ""Official2025 Jubilee finalForm20"", ""Current service outcomes and authorised field validation""]",Causality and competing explanations
11,Causality and competing explanations,2026-10-08T13:09:24.963415+00:00,v10,v11,aea74c4245b7ca5babbef8df7732d5079c35f8c448b154794241d4358550c9d1,5c3f64e227df456f82afd186e951c4af91b28a2e1edd54ef1b7294f3763e01a4,Single-system focused editorial review plus whole-deck structural regression audit; not independent human review.,Tested causal overreach across deck; added executive synthesis and two alternative explanations for major election/governance conclusions.,[2],"[""S02"", ""S03"", ""S04"", ""S05"", ""S06"", ""S07"", ""S08"", ""S09"", ""S10"", ""S11"", ""S12"", ""S14"", ""S15"", ""S16"", ""S17"", ""S18"", ""S19"", ""S20"", ""S21"", ""S22"", ""S23"", ""S24"", ""S25""]","[1, 2, 3, 4, 5]","All previously supported numerical inputs, source IDs and correctly bounded wording unless a recorded correction was necessary.","32-slide sequence, source IDs, reasoning and limitations checked; no structural defects.","[""Exact requisition/open status"", ""Current official civic poll notification and member/legal roster"", ""Official2025 Jubilee finalForm20"", ""Current service outcomes and authorised field validation""]","Media, language and qualitative evidence"
12,"Media, language and qualitative evidence",2026-10-08T13:09:24.965995+00:00,v11,v12,5c3f64e227df456f82afd186e951c4af91b28a2e1edd54ef1b7294f3763e01a4,1ced8e64f2ffde73c636ea3fa78057a9a40cffd7e4fc1841f57fa851c92e3e46,Single-system focused editorial review plus whole-deck structural regression audit; not independent human review.,Added source/translation/representativeness discipline and known/disputed/unknown queue; rejected social-media-as-public-opinion logic.,"[22, 23]","[""S01"", ""S02"", ""S03"", ""S04"", ""S05"", ""S06"", ""S07"", ""S08"", ""S09"", ""S10"", ""S11"", ""S12"", ""S14"", ""S15"", ""S16"", ""S17"", ""S18"", ""S19"", ""S20"", ""S21"", ""S22"", ""S23"", ""S24"", ""S25""]","[1, 2, 3, 4, 5]","All previously supported numerical inputs, source IDs and correctly bounded wording unless a recorded correction was necessary.","32-slide sequence, source IDs, reasoning and limitations checked; no structural defects.","[""Exact requisition/open status"", ""Current official civic poll notification and member/legal roster"", ""Official2025 Jubilee finalForm20"", ""Current service outcomes and authorised field validation""]",Recommendation feasibility
13,Recommendation feasibility,2026-10-08T13:09:24.968643+00:00,v12,v13,1ced8e64f2ffde73c636ea3fa78057a9a40cffd7e4fc1841f57fa851c92e3e46,5809c0c9487f69255f60abe1a9816e66cbe5188d53dacba14b5827a35e38c80d,Single-system focused editorial review plus whole-deck structural regression audit; not independent human review.,"Produced budget tracker baseline; ranked research tasks using decision dependency and specified owners, dependencies, measures and fallback.","[24, 25]","[""S01"", ""S02"", ""S03"", ""S04"", ""S05"", ""S06"", ""S07"", ""S08"", ""S09"", ""S10"", ""S11"", ""S12"", ""S14"", ""S15"", ""S16"", ""S17"", ""S18"", ""S19"", ""S20"", ""S21"", ""S22"", ""S23"", ""S24"", ""S25""]","[1, 2, 3, 4, 5]","All previously supported numerical inputs, source IDs and correctly bounded wording unless a recorded correction was necessary.","32-slide sequence, source IDs, reasoning and limitations checked; no structural defects.","[""Exact requisition/open status"", ""Current official civic poll notification and member/legal roster"", ""Official2025 Jubilee finalForm20"", ""Current service outcomes and authorised field validation""]",Immediate candidate contribution
14,Immediate candidate contribution,2026-10-08T13:09:24.971507+00:00,v13,v14,5809c0c9487f69255f60abe1a9816e66cbe5188d53dacba14b5827a35e38c80d,3ca5184c44d83bf7d9a666598cbfc598c5b317ce08a1ae91cde8064fc5f74f6a,Single-system focused editorial review plus whole-deck structural regression audit; not independent human review.,Audited every major finding/proposal for adjacent contribution; replaced generic contribution drafts with concrete proposed deliverables.,[],"[""S01"", ""S02"", ""S03"", ""S04"", ""S05"", ""S06"", ""S07"", ""S08"", ""S09"", ""S10"", ""S11"", ""S12"", ""S14"", ""S15"", ""S16"", ""S17"", ""S18"", ""S19"", ""S20"", ""S21"", ""S22"", ""S23"", ""S24"", ""S25""]","[1, 2, 3, 4, 5]","All previously supported numerical inputs, source IDs and correctly bounded wording unless a recorded correction was necessary.","32-slide sequence, source IDs, reasoning and limitations checked; no structural defects.","[""Exact requisition/open status"", ""Current official civic poll notification and member/legal roster"", ""Official2025 Jubilee finalForm20"", ""Current service outcomes and authorised field validation""]",CV truthfulness and role fit
15,CV truthfulness and role fit,2026-10-08T13:09:24.974162+00:00,v14,v15,3ca5184c44d83bf7d9a666598cbfc598c5b317ce08a1ae91cde8064fc5f74f6a,95877ba704bb1253adffc96f84a9255f5d58c40a109a0d95efe1df4f151c6878,Single-system focused editorial review plus whole-deck structural regression audit; not independent human review.,"Added role fit and self-reportedCV evidence; removed unsupported language fluency, Hyderabad experience and independently audited impact.","[3, 30]","[""S01"", ""S02"", ""S03"", ""S04"", ""S05"", ""S06"", ""S07"", ""S08"", ""S09"", ""S10"", ""S11"", ""S12"", ""S14"", ""S15"", ""S16"", ""S17"", ""S18"", ""S19"", ""S20"", ""S21"", ""S22"", ""S23"", ""S24"", ""S25""]","[1, 2, 3, 4, 5]","All previously supported numerical inputs, source IDs and correctly bounded wording unless a recorded correction was necessary.","32-slide sequence, source IDs, reasoning and limitations checked; no structural defects.","[""Exact requisition/open status"", ""Current official civic poll notification and member/legal roster"", ""Official2025 Jubilee finalForm20"", ""Current service outcomes and authorised field validation""]",30/60/90-day realism
16,30/60/90-day realism,2026-10-08T13:09:24.977517+00:00,v15,v16,95877ba704bb1253adffc96f84a9255f5d58c40a109a0d95efe1df4f151c6878,d8ec990e157380e2c0b7e166ed8f60eec810b5b6ee3f482be5215a1d5eb0bda6,Single-system focused editorial review plus whole-deck structural regression audit; not independent human review.,Added sequential 30/60/90-day outputs and resource assumptions; bounded qualitative pilot and prevented invented performance guarantees.,"[27, 28, 29]","[""S01"", ""S02"", ""S03"", ""S04"", ""S05"", ""S06"", ""S07"", ""S08"", ""S09"", ""S10"", ""S11"", ""S12"", ""S14"", ""S15"", ""S16"", ""S17"", ""S18"", ""S19"", ""S20"", ""S21"", ""S22"", ""S23"", ""S24"", ""S25""]","[1, 2, 3, 4, 5]","All previously supported numerical inputs, source IDs and correctly bounded wording unless a recorded correction was necessary.","32-slide sequence, source IDs, reasoning and limitations checked; no structural defects.","[""Exact requisition/open status"", ""Current official civic poll notification and member/legal roster"", ""Official2025 Jubilee finalForm20"", ""Current service outcomes and authorised field validation""]",Narrative and executive compression
17,Narrative and executive compression,2026-10-08T13:09:24.981214+00:00,v16,v17,d8ec990e157380e2c0b7e166ed8f60eec810b5b6ee3f482be5215a1d5eb0bda6,637815ff4be1e53b5acb3eb8182a9bb2aa8e456404560d22bf9df31117390f5c,Single-system focused editorial review plus whole-deck structural regression audit; not independent human review.,Completed operating system and closing proposition; checked flow from evidence to work product and removed repeated claims from notes.,"[26, 31]","[""S01"", ""S02"", ""S03"", ""S04"", ""S05"", ""S06"", ""S07"", ""S08"", ""S09"", ""S10"", ""S11"", ""S12"", ""S14"", ""S15"", ""S16"", ""S17"", ""S18"", ""S19"", ""S20"", ""S21"", ""S22"", ""S23"", ""S24"", ""S25""]","[1, 2, 3, 4, 5]","All previously supported numerical inputs, source IDs and correctly bounded wording unless a recorded correction was necessary.","32-slide sequence, source IDs, reasoning and limitations checked; no structural defects.","[""Exact requisition/open status"", ""Current official civic poll notification and member/legal roster"", ""Official2025 Jubilee finalForm20"", ""Current service outcomes and authorised field validation""]",Adversarial review
18,Adversarial review,2026-10-08T13:09:24.984913+00:00,v17,v18,637815ff4be1e53b5acb3eb8182a9bb2aa8e456404560d22bf9df31117390f5c,3d3fb465ac50b23e1bb91da4246c3f01418313cb38c87d2c5fc8742bd6956329,Single-system focused editorial review plus whole-deck structural regression audit; not independent human review.,"Adversarially reviewed conflicting bypoll totals, 2020 incomplete tally, H-CITY label and boundary selection; recorded excluded claims and title limits.",[],"[""S01"", ""S02"", ""S03"", ""S04"", ""S05"", ""S06"", ""S07"", ""S08"", ""S09"", ""S10"", ""S11"", ""S12"", ""S14"", ""S15"", ""S16"", ""S17"", ""S18"", ""S19"", ""S20"", ""S21"", ""S22"", ""S23"", ""S24"", ""S25""]","[1, 2, 3, 4, 5]","All previously supported numerical inputs, source IDs and correctly bounded wording unless a recorded correction was necessary.","32-slide sequence, source IDs, reasoning and limitations checked; no structural defects.","[""Exact requisition/open status"", ""Current official civic poll notification and member/legal roster"", ""Official2025 Jubilee finalForm20"", ""Current service outcomes and authorised field validation""]",Full traceability and five-gate closure
19,Full traceability and five-gate closure,2026-10-08T13:09:24.987476+00:00,v18,v19,3d3fb465ac50b23e1bb91da4246c3f01418313cb38c87d2c5fc8742bd6956329,54c847dfb871b04b2d6d843fe143c5cd4f21c94753ef11e2f3c02a78039bb9ae,Single-system focused editorial review plus whole-deck structural regression audit; not independent human review.,"Closed all substantive-ID mappings; generated atomic fact, inference, proposal, contribution and source ledgers plus reproducible tables.",[],"[""S01"", ""S02"", ""S03"", ""S04"", ""S05"", ""S06"", ""S07"", ""S08"", ""S09"", ""S10"", ""S11"", ""S12"", ""S14"", ""S15"", ""S16"", ""S17"", ""S18"", ""S19"", ""S20"", ""S21"", ""S22"", ""S23"", ""S24"", ""S25""]","[1, 2, 3, 4, 5]","All previously supported numerical inputs, source IDs and correctly bounded wording unless a recorded correction was necessary.","32-slide sequence, source IDs, reasoning and limitations checked; no structural defects.","[""Exact requisition/open status"", ""Current official civic poll notification and member/legal roster"", ""Official2025 Jubilee finalForm20"", ""Current service outcomes and authorised field validation""]",Final currency and presentation readiness
20,Final currency and presentation readiness,2026-10-08T13:09:24.990306+00:00,v19,v20,54c847dfb871b04b2d6d843fe143c5cd4f21c94753ef11e2f3c02a78039bb9ae,54c847dfb871b04b2d6d843fe143c5cd4f21c94753ef11e2f3c02a78039bb9ae,Single-system focused editorial review plus whole-deck structural regression audit; not independent human review.,"Refreshed source snapshot/date boundaries, verified final sequence and all 32 main slides, retained residual uncertainties and released contentv 20.",[],"[""S01"", ""S02"", ""S03"", ""S04"", ""S05"", ""S06"", ""S07"", ""S08"", ""S09"", ""S10"", ""S11"", ""S12"", ""S14"", ""S15"", ""S16"", ""S17"", ""S18"", ""S19"", ""S20"", ""S21"", ""S22"", ""S23"", ""S24"", ""S25""]","[1, 2, 3, 4, 5]","All previously supported numerical inputs, source IDs and correctly bounded wording unless a recorded correction was necessary.","32-slide sequence, source IDs, reasoning and limitations checked; no structural defects.","[""Exact requisition/open status"", ""Current official civic poll notification and member/legal roster"", ""Official2025 Jubilee finalForm20"", ""Current service outcomes and authorised field validation""]","Render, inspect, export and deploy; content release complete."
