id,title,publisher,url,locator,publication_date,retrieved,lineage,limitation
S01,About us and six work verticals,Inclusive Minds,https://www.inclusiveminds.in/,About Us; Our Work,Undated; retrieved 2026-10-08,2026-10-08,Employer,Self-description; not independent evidence of effectiveness.
S02,"Generalist hiring post: Hyderabad, on-site",Inclusive Minds,https://www.linkedin.com/posts/inclusive-minds-ind_hiring-generalist-politicalconsulting-activity-7495111990261252096-TM4l,Employer-authored post text,Undated public post,2026-10-08,Employer,Exact vacancy supplied by applicant is absent; current acceptance of applications not confirmed.
S03,G.O.Ms.No.55: CURE reorganisation,"Government of Telangana, MAUD",https://tg-bn-website-assets.flowwlabs.tech/GOs-and-ACTs/GO.Ms.No.55_11-02-2026.pdf,PDF pp.1–2; operative paragraphs 2–3,2026-02-11,2026-10-08,Government order,Read through the official BuildNow listing S04. Boundary allocation is by zone; this deck supplies no GIS polygons.
S04,Government Orders and Acts,"Government of Telangana, BuildNow",https://buildnow.telangana.gov.in/go-and-act/,"GO 55, GO 45, GO 16, GO 68 and GO 69 entries",Orders dated 2025–2026,2026-10-08,Government order index,Listing proves instrument/date only; unread instruments are not treated as proof of full legal effect.
S05,About the Agency,"HYDRAA, Government of Telangana",https://hydraa.telangana.gov.in/about,About HYDRAA; Jurisdictional Coverage; Functional Wings,Undated current page,2026-10-08,Agency,"Mandate description is not evidence of case-specific legality, environmental outcomes or public approval."
S06,Performance of Political Parties: Telangana 2023,Election Commission of India,https://www.eci.gov.in/eci-backend/public/all_files/full-statistical-reports/telangana/2023/Performance_of_Political_Parties.pdf,PDF pp.1–3; WON column,2023 Assembly election; report undated,2026-10-08,ECI 2023,Historical election-time affiliation; BHRS normalised to BRS for presentation.
S07,List of Successful Candidates: Telangana 2023,Election Commission of India,https://www.eci.gov.in/eci-backend/public/all_files/full-statistical-reports/telangana/2023/List_of_Successful_Candidates.pdf,PDF pp.2–3; AC 57–71 and winner/runner-up columns,2023 Assembly election; report undated,2026-10-08,ECI 2023,"AC 57–71 is an explicitly selected 15-seat study set, not the entire metropolis or current municipal footprint."
S08,Constituency-wise Detailed Results: 2024 Lok Sabha,Election Commission of India,https://www.eci.gov.in/eci-backend/public/all_files/GE-2024-statistical-report/33-Constituency-Wise-Detailed-Result.pdf,"Printed pp.580,581,583,585; four selected PCs",2024 Lok Sabha election; report undated,2026-10-08,ECI 2024,Four selected constituencies have different boundaries from AC 57–71. No aggregate metropolitan vote share calculated.
S09,Budget in Brief: 2026–27,"Government of Telangana, Finance Department",https://www.telangana.gov.in/wp-content/uploads/2026/05/Budget-in-Brief.pdf,"Table 4, PDF p.4; Table 10, PDF pp.15–17",2026–27 budget; posted May 2026,2026-10-08,State budget,"BE=budget estimate; RE=revised estimate. Allocation does not prove sanction, release, expenditure or delivery."
S10,Telangana Budget Analysis 2026–27,PRS Legislative Research,https://prsindia.org/budgets/states/telangana-budget-analysis-2026-27,Expenditure and urban-development tables,2026–27 budget analysis,2026-10-08,PRS analysis of state budget,"Independent analytical scrutiny, but budget totals share upstream state documents. PRS net expenditure definition differs from headline gross budget."
S11,Vision / Mission,Musi Riverfront Development Corporation,https://musi.telangana.gov.in/VisionMusi.aspx,Vision paragraphs,Undated; current page,2026-10-08,MRDCL,Objectives only. Its promised sustainability outcomes are not independently verified achievements.
S12,Musi Invites: Phase I presentation,"Government of Telangana, TG Digital Media",https://www.telangana.gov.in/news/press-releases/2026/03/honble-cm-sri-a-revanth-reddy-participated-in-musi-invites-a-presentation-on-musi-river-rejuvenation-phase-i-by-mrdcl-in-hyderabad/,English text: compensation and livelihood concerns; concluding presentation description,Event 2026-03-13; page 2026-03-16,2026-10-08,Government press release,Official statements demonstrate stated commitments and acknowledged concerns; household counts and cost forecasts excluded.
S13,Musi project tenders,MRDCL,https://musi.telangana.gov.in/Tenders.aspx,Tender listings,Listing dates vary,2026-10-08,MRDCL procurement,"Discovery source only; not used to assert current award, construction or completion status."
S14,Invest Telangana portal,Government of Telangana investment portal,https://invest.telangana.gov.in/,Industrial parks; Genome Valley at Shamirpet; electronics clusters,Undated; current page,2026-10-08,Investment promotion,"Promotional source used for cluster identification only. Export, GDP and jobs claims are not ingested."
S15,Moosarambagh bridge event and corporation logos,"Government of Telangana, TG Digital Media",https://www.telangana.gov.in/news/press-releases/2026/08/honble-cm-sri-a-revanth-reddy-addresses-the-public-meeting-at-ghmc-sports-stadium-amberpet-hyderabad-following-the-inauguration-of-the-moosarambagh-high-level-bridge/,"English text, paragraph on three corporation logos",Event 2026-08-31; page 2026-09-01,2026-10-08,Government press release,Later corroboration of the three corporation names; not independent of state government.
S16,"Journal of Parliamentary Information, September 2014",Lok Sabha Secretariat,https://eparlib.sansad.in/bitstream/123456789/58523/1/JPI_September_2014.pdf,Printed p.410 / PDF p.63; first Telangana Assembly,2014-09; reference 2014-06-02,2026-10-08,Parliamentary record,First Assembly party position as of 2 June 2014; not current legislative strength.
S17,Telangana Assembly polls: TRS wins,Scroll,https://scroll.in/latest/905254/telangana-assembly-polls-counting-of-votes-in-three-way-contest-set-to-begin-at-8-am,Updated article paragraph below party table,2018-12-12,2026-10-08,Newsroom citing ECI,2018 TRS 88/INC 19 historical context only. Table total has an internal leading-seat inconsistency; full statewide reconstruction not used.
S18,2018 Telangana complete winners,The Times of India,https://timesofindia.indiatimes.com/city/hyderabad/telangana-election-results-2018-complete-list-of-winning-candidates-in-telangana/articleshow/67055845.cms,Opening results paragraph,2018-12-12,2026-10-08,Newsroom citing election results,Corroborates S17; not an independent official election record.
S19,Hyderabad civic body voting: 2016 recap,"NDTV, Uma Sudhir",https://www.ndtv.com/telangana-news/after-a-bitter-campaign-voting-begins-for-hyderabad-civic-body-polls-2332363,"Paragraph beginning A total of 1,122 candidates",2020-12-01,2026-10-08,NDTV reporting,"2016 historical seat table is reported, not a newly ingested TSEC dataset."
S20,GHMC 2016 result report,PTI / The New Indian Express,https://www.newindianexpress.com/amp/story/cities/hyderabad/2016/Feb/06/ghmc-polls-sops-for-poor-seemandhra-candidates-key-in-trs-win-889293.html,Results paragraphs: 99/150; Congress 2; TDP 1/BJP 4; MIM 44,2016-02-06,2026-10-08,PTI wire,Only numerical result used; causal claims about communities in the article are excluded.
S21,Week after GHMC results: mayor question,"The Indian Express, Rahul V Pisharody",https://indianexpress.com/article/cities/hyderabad/ghmc-results-hyderabad-mayor-7104860/,"Results paragraphs: TRS 56, AIMIM 44, BJP 48",2020-12-14,2026-10-08,Indian Express reporting,Historical council only. Article dated after Neredmet result; legal rules in 2020 not assumed current.
S22,Neredmet final result takes TRS tally to 56,"The Tribune, Naveen S Garewal",https://www.tribuneindia.com/news/nation/trs-wins-neredmet-ghmc-division-takes-its-tally-to-56-182436/,"Final paragraph: 56,48,44,2; Neredmet timing",2020-12-11,2026-10-08,Tribune reporting,Reconciles earlier incomplete tally 55. Direct current TSEC table was inaccessible in this run.
S23,Jubilee Hills bypoll result,The Economic Times,https://m.economictimes.com/news/politics-and-nation/jubilee-hills-bypoll-result-2025-in-l-deepak-reddy-vs-sunita-vs-naveen-yadav-check-who-is-winning/articleshow/125315450.cms,Winner report,2025-11-14,2026-10-08,Economic Times reporting,Winner only used. Vote totals conflict with another live report and are excluded.
S24,Jubilee Hills bypoll winner live report,The Times of India,https://timesofindia.indiatimes.com/city/hyderabad/assembly-bypoll-result-2025-live-updates-by-election-results-jubilee-hills-budgam-nagrota-anta-ghatshila-tarn-taran-dampa-nuapada/liveblog/125313066.cms,13:18 IST winner update,2025-11-14,2026-10-08,TOI live reporting,"Same corporate group as S23, different report; final vote totals conflict. Winner corroborated, official final Form 20 still requested."
S25,Portfolio resume data,Manash Protim Deori,https://github.com/ManashProtimDeori/Manash-Protim-Deori/blob/main/src/data/resume.ts,"workExperience, projects, education and header",Repository read 2026-10-08,2026-10-08,Candidate self-report,"Owner-controlled resume, not independent verification. No claim to Telugu/Urdu fluency, Hyderabad fieldwork or hiring endorsement."
